config,score,orientation,nominal_coverage,clean_coverage,corruption_coverage,clean_effective_phi3,clean_nonzero_phi_fraction,clean_latency_estimate_seconds,corruption_latency_estimate_seconds,promising_rule_met,source_macro_AP_delta_no_adapt,source_positive_conditions_no_adapt,source_clean_AP_delta_no_adapt,source_macro_AP_delta_full_hybrid,source_positive_conditions_full_hybrid,source_clean_AP_delta_full_hybrid,target_macro_AP_delta_no_adapt,target_positive_conditions_no_adapt,target_clean_AP_delta_no_adapt,target_macro_AP_delta_full_hybrid,target_positive_conditions_full_hybrid,target_clean_AP_delta_full_hybrid,ssd_macro_AP_delta_no_adapt,ssd_positive_conditions_no_adapt,ssd_clean_AP_delta_no_adapt,ssd_macro_AP_delta_full_hybrid,ssd_positive_conditions_full_hybrid,ssd_clean_AP_delta_full_hybrid,target_positive_blocks,ssd_positive_blocks
no_adapt,no_adapt,,0.0,0.0,0.0,0.0,0.0,0.02769636450498365,0.028007085880531427,False,0.0,0,0.0,-0.06718218630448562,2,0.017910704859031013,0.0,0,0.0,-0.07027160697552585,1,-0.06094732073553821,0.0,0,0.0,-0.032160728803563854,1,0.0041213336793327615,0,0
full_hybrid,full_hybrid,,1.0,1.0,1.0,0.036655454281019045,0.993,0.3137933691007493,0.3142064461344174,False,0.06718218630448562,4,-0.017910704859031013,0.0,0,0.0,0.07027160697552585,5,0.06094732073553821,0.0,0,0.0,0.032160728803563854,5,-0.0041213336793327615,0.0,0,0.0,4,4
clip_norm_high_25,clip_norm,high,0.25,0.328,0.237,0.018924349792301655,0.325,0.16982338259043173,0.15062340969705837,False,0.010798533250983936,2,-0.07973299265127687,-0.05638365305350168,0,-0.061822287792245856,0.032877622732625324,5,0.061404043629376126,-0.037393984242900524,1,0.0004567228938379131,0.017993696680594178,4,-0.03829670531262652,-0.014167032122969677,1,-0.03417537163329376,4,3
clip_norm_high_50,clip_norm,high,0.5,0.57,0.48833333333333334,0.027608989954926073,0.565,0.22150002226638027,0.2044843231900692,False,0.05310945460741771,4,-0.07130764203800988,-0.014072731697067908,0,-0.053396937178978865,0.06301337342597413,5,0.1012328576576016,-0.007258233549551722,3,0.04028553692206338,0.017303099669323713,3,-0.0462121439464086,-0.014857629134240139,2,-0.04209081026707584,4,4
clip_norm_high_75,clip_norm,high,0.75,0.787,0.7438333333333333,0.03311131828743964,0.78,0.26812695732945574,0.25934921706349995,False,0.04829884062459525,4,-0.05646015370053825,-0.018883345679890362,2,-0.03854944884150724,0.07284229048169777,5,0.09272697736965041,0.002570683506171919,5,0.0317796566341122,0.02815636361935085,4,-0.017241985840554808,-0.004004365184213006,2,-0.013120652161222046,4,5
clip_norm_low_25,clip_norm,low,0.25,0.213,0.25616666666666665,0.0035441359935794027,0.213,0.14524559417695854,0.1547315615814053,False,-0.04579211318177697,3,0.02527398522836899,-0.11297429948626259,2,0.0431846900874,0.006887026023559099,2,-0.012545640184163931,-0.06338458095196675,1,-0.07349296091970214,0.006149694553729083,4,0.025237488044460576,-0.02601103424983477,2,0.029358821723793338,4,2
clip_norm_low_50,clip_norm,low,0.5,0.43,0.5116666666666667,0.009046464326092973,0.428,0.19187252924003406,0.20959645545483604,True,-0.04388137168176339,4,0.04597974268348293,-0.111063557986249,2,0.06389044754251394,0.02444566301134099,4,-0.010248996537348676,-0.04582594396418486,1,-0.07119631727288689,0.011389110748837953,4,0.03281463215061842,-0.0207716180547259,2,0.03693596582995118,4,4
clip_norm_low_75,clip_norm,low,0.75,0.672,0.763,0.01773110448871739,0.668,0.24354916891598258,0.2634573689478469,False,0.05468341438397417,5,0.02969368180867349,-0.012498771920511445,4,0.0476043866677045,0.04127567552916304,5,0.0261727411850321,-0.02899593144636281,2,-0.03477457955050611,0.012369039365849044,4,0.03171481469818882,-0.01979168943771481,2,0.03583614837752158,4,4
det_norm_high_25,det_norm,high,0.25,0.226,0.254,0.008867769246455283,0.226,0.14793459712073673,0.15432098518322163,False,0.030178631044909993,4,-0.048623478999049174,-0.037003555259575625,3,-0.030712774140018162,0.02100557699277102,4,0.04595992799622528,-0.04926602998275483,1,-0.014987392739312932,0.006320388100062672,3,-0.008330273643686326,-0.02584034070350118,2,-0.004208939964353564,4,3
det_norm_high_50,det_norm,high,0.5,0.477,0.5038333333333334,0.01775729601690546,0.477,0.20173922588943968,0.20817670430339058,False,0.007319635586746272,4,-0.02044257537936467,-0.05986255071773935,3,-0.0025318705203336567,0.04365248042515202,5,0.06801603328190908,-0.026619126550373833,2,0.00706871254637087,0.024204129725306778,5,0.01741162704739785,-0.007956599078257076,3,0.02153296072673061,4,3
det_norm_high_75,det_norm,high,0.75,0.738,0.752,0.026915121162543073,0.738,0.2577990975624707,0.26151869792151167,False,0.012938425224700198,4,-0.04353201383588412,-0.05424376107978542,3,-0.025621308976853108,0.055980936731937304,5,0.04122274453044472,-0.014290670243588544,1,-0.01972457620509349,0.025279245873769302,5,0.019696408287711575,-0.006881482929794551,3,0.023817741967044337,4,4
det_norm_low_25,det_norm,low,0.25,0.262,0.248,0.009740333118475974,0.255,0.15557345394394362,0.15256208072339358,True,-0.017933959975488523,1,0.03532172265061084,-0.08511614627997414,1,0.053232427509641855,0.009479044320844418,4,0.0252956858558806,-0.060792562654681435,1,-0.03565163487965761,0.005217781020991352,3,-0.03503956076370829,-0.0269429477825725,1,-0.030918227084375527,5,4
det_norm_low_50,det_norm,low,0.5,0.523,0.49616666666666664,0.01889815826411359,0.516,0.21163332561697462,0.2059040743415147,False,-0.007272178546522771,3,-0.008826971423264718,-0.07445436485100838,1,0.009083733435766295,0.02601061113989463,3,0.01242863510870773,-0.04426099583563122,1,-0.04851868562683048,0.012578110294515313,5,-0.020478499372175718,-0.01958261850904854,3,-0.016357165692842957,4,4
det_norm_low_75,det_norm,low,0.75,0.774,0.746,0.027787685034563765,0.767,0.2654379543856776,0.25975979346168365,False,0.03195488431886976,3,0.007432435538423654,-0.035227301985615855,1,0.025343140397454667,0.06050498273995527,5,0.03033682310176755,-0.009766624235570584,3,-0.03061049763377066,0.02676502493363329,4,-0.003625020277675528,-0.005395703869930564,4,0.0004963134016572335,5,4
log_norm_ratio_high_25,log_norm_ratio,high,0.25,0.21,0.25666666666666665,0.005356956065399572,0.21,0.1446811198789801,0.15506074705921735,False,-0.03222252748870669,4,0.002069797054399247,-0.09940471379319231,3,0.01998050191343026,0.02845558255432275,5,-0.011792578333524872,-0.0418160244212031,1,-0.07273989906906309,-0.0007295968144536517,4,0.003910061084377858,-0.0328903256180175,2,0.00803139476371062,4,1
log_norm_ratio_high_50,log_norm_ratio,high,0.5,0.457,0.5071666666666667,0.013423882748698816,0.457,0.1976492654858157,0.2087833094679275,True,-0.017725650952811017,5,-0.004076915605499831,-0.08490783725729663,3,0.013833789253531181,0.032608516026230716,5,0.05173843978674153,-0.03766309094929513,1,-0.009208880948796683,0.01729523859596525,5,0.0422102557707027,-0.014865490207598605,3,0.04633158945003546,4,4
log_norm_ratio_high_75,log_norm_ratio,high,0.75,0.712,0.7563333333333333,0.023908800281817095,0.712,0.25226816745960967,0.26243913188911877,False,0.00399736131577455,5,0.008034666955669678,-0.06318482498871107,3,0.02594537181470069,0.04600625716571679,5,0.05272240944437234,-0.024265349809809062,0,-0.00822491129116587,0.01697516327059297,5,0.030907875071570223,-0.015185565532970883,3,0.035029208750902985,4,5
log_norm_ratio_low_25,log_norm_ratio,low,0.25,0.288,0.24366666666666667,0.012746653999201954,0.281,0.16110438404680463,0.1516416467557865,True,-0.005415446972455625,3,-0.023857912351998856,-0.07259763327694124,0,-0.005947207492967843,0.019447007733650972,5,0.005539907251317366,-0.05082459924187488,1,-0.05540741348422085,0.015026647131396545,3,-0.04912423741303684,-0.017134081672167307,1,-0.04500290373370408,4,4
log_norm_ratio_low_50,log_norm_ratio,low,0.5,0.543,0.49283333333333335,0.023231571532320233,0.536,0.21572328602059862,0.20529746917697775,False,0.017877396884272145,3,-0.028820174615329375,-0.04930478942021347,0,-0.010909469756298362,0.04043468706033948,5,0.02517049173170749,-0.02983691991518637,1,-0.035776829003830724,0.021613903840907167,3,-0.063513884077529,-0.010546824962656687,2,-0.05939255039819624,5,3
log_norm_ratio_low_75,log_norm_ratio,low,0.75,0.79,0.7433333333333333,0.031298498215619475,0.783,0.2686914316274342,0.2590200315856879,False,0.030864223605688485,3,-0.053532894732177816,-0.036317962698797134,0,-0.0356221898731468,0.055374110721696325,5,0.08782440191273944,-0.014897496253829523,3,0.026877081177201223,0.03472066405679717,5,0.011466764122936013,0.0025599352532333177,4,0.015588097802268774,5,3
gradient_cosine_high_25,gradient_cosine,high,0.25,0.244,0.251,0.00872712235013023,0.244,0.1521210649078712,0.15380905109793822,False,0.01164618520811215,5,-0.050751967722911795,-0.055536001096373466,2,-0.03284126286388078,0.0497640589904332,5,0.011281562081066898,-0.02050754798509265,1,-0.049665758654471315,0.0023443705261745142,3,0.028156173390672667,-0.02981635827738934,3,0.03227750707000543,4,3
gradient_cosine_high_50,gradient_cosine,high,0.5,0.484,0.5026666666666667,0.01685781461559236,0.484,0.20333544363061082,0.20809012773480692,True,0.034042843436194827,5,-0.06955563191833325,-0.03313934286829079,2,-0.05164492705930224,0.05795767178477795,5,0.03742793326828586,-0.012313935190747896,2,-0.02351938746725235,0.001082090794340962,3,0.011526754984014786,-0.031078638009222892,1,0.015648088663347548,4,4
gradient_cosine_high_75,gradient_cosine,high,0.75,0.74,0.7516666666666667,0.02613838527048938,0.733,0.25754645236974466,0.2608442125728082,False,0.03848551348999881,5,-0.01607232372635159,-0.028696672814486807,2,0.001838381132679423,0.07232217134977385,5,0.012645351537537985,0.0020505643742479984,4,-0.04830196919800023,0.01392857374098259,3,0.00394451456179612,-0.018232155062581263,1,0.008065848241128881,4,4
gradient_cosine_low_25,gradient_cosine,low,0.25,0.26,0.24833333333333332,0.010517069010529668,0.26,0.15582609913666964,0.15323656607209704,False,0.014298287190287843,4,-0.011910952202071057,-0.052883899114197774,1,0.005999752656959956,0.003396891539531969,4,0.06494906697654401,-0.06687471543599388,1,0.004001746241005799,0.014976240247462544,4,-0.01983167755575943,-0.017184488556101312,3,-0.01571034387642667,3,4
gradient_cosine_low_50,gradient_cosine,low,0.5,0.516,0.49733333333333335,0.019797639665426685,0.509,0.21003710787580349,0.20599065091009833,False,0.03394993409239951,4,0.009365108202491479,-0.03323225221208611,1,0.02727581306152249,0.023048049713273826,5,0.0479292863394043,-0.047223557262252025,1,-0.013018034396133915,0.028976352681809685,5,-0.002016283676969932,-0.0031843761217541697,3,0.0021050500023628294,3,4
gradient_cosine_low_75,gradient_cosine,low,0.75,0.756,0.749,0.027928331930888818,0.749,0.26125148659854314,0.26027172754696704,False,0.04539781882997677,4,0.02274597504496323,-0.021784367474508848,1,0.04065667990399424,0.02410902800486503,5,0.06872667588570525,-0.04616257897066082,1,0.007779355150167033,0.029165077017304548,3,-0.02726826899427104,-0.002995651786259305,2,-0.023146935314938277,3,4
pseudo_loss_high_25,pseudo_loss,high,0.25,0.235,0.2525,0.008465263273566961,0.235,0.15004243715255872,0.15416865947429323,True,0.029015994694520097,3,0.001295339744655788,-0.03816619160996552,2,0.0192060446036868,0.00136457060255409,4,0.02440836096480048,-0.06890703637297176,1,-0.03653895977073773,0.01973222089150702,3,0.005854963850457362,-0.012428507912056833,2,0.009976297529790124,4,4
pseudo_loss_high_50,pseudo_loss,high,0.5,0.505,0.49916666666666665,0.018072540832916276,0.505,0.20810144014656543,0.20742007231004633,False,0.05285351044930683,5,-0.0435008420063443,-0.014328675855178793,2,-0.025590137147313285,0.02521755180948937,5,0.0795405187595355,-0.04505405516603648,2,0.01859319802399728,0.027476105430053927,4,0.028551807349355696,-0.004684623373509926,2,0.03267314102868846,4,5
pseudo_loss_high_75,pseudo_loss,high,0.75,0.754,0.7493333333333333,0.027137136770179496,0.754,0.26124506811841275,0.26099780247135884,False,0.06889671933074937,5,-0.05930120153684326,0.00171453302626375,3,-0.04139049667781225,0.052121890360048995,5,0.049929627141215294,-0.018149716615476857,0,-0.01101769359432292,0.026502286516091416,5,0.01484952078977253,-0.005658442287472439,3,0.01897085446910529,4,3
pseudo_loss_low_25,pseudo_loss,low,0.25,0.246,0.25066666666666665,0.009518317510839551,0.239,0.15212748338800156,0.15308297617354644,True,-0.00816732618437547,3,0.04267843310339914,-0.07534951248886108,0,0.06058913796243015,0.02450653912479857,6,0.028915791178973915,-0.04576506785072728,1,-0.0320315295565643,0.007168639922475184,5,-0.031467829822642845,-0.02499208888108867,1,-0.027346496143310084,5,4
pseudo_loss_low_50,pseudo_loss,low,0.5,0.495,0.5008333333333334,0.018582913448102773,0.488,0.20527111135984888,0.20666070633485895,False,0.0031838693438618337,4,0.03236698318629938,-0.06399831696062379,0,0.05027768804533039,0.04617260191352168,4,0.01006303843050782,-0.02409900506200417,1,-0.05088428230503039,0.007092339453490526,4,-0.044806758079157794,-0.025068389350073328,2,-0.04068542439982503,5,2
pseudo_loss_low_75,pseudo_loss,low,0.75,0.765,0.7475,0.028190191007452084,0.758,0.2633301143538556,0.259912119170612,False,0.029001557279037526,4,-0.028450840787591636,-0.03818062902544809,2,-0.010540135928560623,0.0742760116300099,5,0.05619494996880747,0.0040044046544840395,3,-0.00475237076673074,0.016295261940992473,4,-0.004028221220256367,-0.01586546686257138,3,9.311245907639432e-05,5,4
support_count_high_25,support_count,high,0.25,0.275,0.24583333333333332,0.009671403198037297,0.275,0.10655622258296353,0.09902564417180353,False,0.02494708680085463,4,0.004536743483785077,-0.04223509950363099,1,0.02244744834281609,0.013220144161494677,4,0.0060335394701516165,-0.05705146281403117,1,-0.054913781265386596,0.01887460800252631,4,-0.009584499470929875,-0.013286120801037546,3,-0.005463165791597113,3,5
support_count_high_50,support_count,high,0.5,0.531,0.49483333333333335,0.0186434669746086,0.531,0.18018226889774086,0.17065665039050995,False,0.02626990722412829,4,-0.04768583616487909,-0.04091227908035733,1,-0.02977513130584808,0.046934183057511146,5,0.043859952195607343,-0.023337423918014705,1,-0.01708736853993087,0.01720663353288049,4,0.031032890246249223,-0.014954095270683365,3,0.035154223925581984,4,5
support_count_high_75,support_count,high,0.75,0.778,0.7453333333333333,0.028094543314771726,0.778,0.2507602404496283,0.24243930847588732,False,0.06638309407279719,5,0.01137544901210763,-0.0007990922316884289,3,0.029286153871138643,0.07521196701967454,5,0.029699074510958212,0.004940360044148699,4,-0.03124824622458,0.034019596442991705,5,-0.024359047760597052,0.0018588676394278487,4,-0.02023771408126429,4,5
support_count_low_25,support_count,low,0.25,0.224,0.25433333333333336,0.008535229383036495,0.217,0.09102184596910956,0.09950901249056429,False,0.0005772113098147699,2,-0.013113767246331065,-0.06660497499467084,0,0.0047969376126999475,0.011291833352388333,5,0.03598590171847715,-0.05897977362313752,1,-0.02496141901706106,-0.0025776857888903937,2,0.021299862488921573,-0.03473841459245425,1,0.025421196168254334,4,2
support_count_low_50,support_count,low,0.5,0.468,0.5053333333333333,0.01797767798625864,0.461,0.16100973666997742,0.17158312219859606,False,-0.022344996014244296,4,-0.0038034496962713327,-0.08952718231872991,3,0.01410725516275968,0.03565332849702526,5,0.030340149648566683,-0.034618278478500596,1,-0.03060717108697153,0.01709979560080982,3,0.004271293292185119,-0.015060933202754034,2,0.00839262697151788,4,2
support_count_low_75,support_count,low,0.75,0.721,0.7548333333333334,0.026950012705055995,0.714,0.23365468513884116,0.24335258836246795,False,0.03445050781135014,5,-0.03310181920131994,-0.032731678493135484,2,-0.015191114342288925,0.062133578453937854,5,0.06560699022929439,-0.008138028521587995,2,0.00465966949375618,0.01336008003868285,3,0.008222399575091854,-0.018800648764881005,1,0.012343733254424616,4,3
support_confidence_high_25,support_confidence,high,0.25,0.251,0.24983333333333332,0.009802522510290146,0.251,0.09980865944203106,0.10006270938194939,True,-0.017510216320282268,3,0.04241745542412634,-0.08469240262476789,0,0.06032816028315735,0.03593255263105999,6,0.01139112877969195,-0.03433905434446586,1,-0.04955619195584626,0.004567184039977005,5,-0.04002323639553662,-0.027593544763586848,2,-0.03590190271620386,5,4
support_confidence_high_50,support_confidence,high,0.5,0.503,0.4995,0.01905538498959504,0.503,0.17166284299182008,0.17160742926736325,False,-0.01839769703539847,2,0.004708609825865295,-0.08557988333988409,0,0.022619314684896308,0.037309165657956056,5,0.01864148763126572,-0.03296244131756979,1,-0.042305833104272494,0.0004433597228315859,3,-0.03075909381820563,-0.03171736908073227,2,-0.026637760138872868,4,3
support_confidence_high_75,support_confidence,high,0.75,0.757,0.7488333333333334,0.028064364524791018,0.757,0.2447810095201712,0.2433692927869512,False,0.03659753045334909,4,-0.05840198195709023,-0.030584655851136528,1,-0.04049127709805922,0.07133049290769893,5,-0.017413680250111252,0.0010588859321730704,3,-0.07836100098564946,0.013875291721522168,5,-0.05101118413706751,-0.018285437082041684,3,-0.04688985045773475,5,2
support_confidence_low_25,support_confidence,low,0.25,0.243,0.25116666666666665,0.00859108975622803,0.236,0.09670872408556169,0.09884423922799761,False,0.02193387372358783,4,0.046737746242409006,-0.04524831258089779,2,0.06464845110144002,0.008819305820288262,4,0.08579197730116395,-0.06145230115523759,1,0.024844656565625733,0.021449165540196602,3,0.03279003309711315,-0.010711563263367252,1,0.03691136677644591,3,5
support_confidence_low_50,support_confidence,low,0.5,0.497,0.5005,0.017600069291424006,0.49,0.16982689061391285,0.1706061027475856,True,0.07857403849694893,6,-0.014278819541863053,0.011391852192463303,3,0.00363188531716796,0.0367931176901611,5,0.0741003865401435,-0.03347848928536475,1,0.01315306580460529,0.03292636368797397,4,0.01571122362068189,0.0007656348844101157,3,0.019832557300014653,4,5
support_confidence_low_75,support_confidence,low,0.75,0.749,0.7501666666666666,0.0268529317707289,0.742,0.24168107416370185,0.24215082263299942,False,0.07645937784931112,6,-0.06301762140401013,0.0092771915448255,4,-0.045106916544979114,0.04298180567002633,5,0.06847282841118685,-0.027289801305499517,0,0.007525507675648635,0.02708622175891101,4,0.023038609658745934,-0.005074507044652843,2,0.027159943338078696,4,4
