image_id,family,severity,gradient_cosine,delta_det_linear,det_loss_delta_sem1
23034,gamma,1,0.6138197779655457,-0.00042349738707225657,0.017680257558822632
23034,gamma,2,0.8247821927070618,-0.0005466406900307682,0.001139312982559204
23034,contrast,1,0.43388253450393677,-0.0007288556583145002,-0.0022739768028259277
23034,contrast,2,0.47292017936706543,-0.0019608801131139244,0.004714071750640869
23034,color_cast,1,0.757745623588562,-0.0008093090190001182,0.0021708905696868896
23034,color_cast,2,0.5845426321029663,-0.0006487756113761115,-0.006537348031997681
23272,gamma,1,-0.7789756059646606,0.0031068794883778116,0.02692049741744995
23272,gamma,2,-0.8160172700881958,0.001864390855155386,0.030865252017974854
23272,contrast,1,-0.4270784258842468,0.0006729364030385165,-0.004533559083938599
23272,contrast,2,-0.22836162149906158,0.0022071872406889278,0.005170151591300964
23272,color_cast,1,0.0950261726975441,-0.0003499345349011333,-0.006669908761978149
23272,color_cast,2,-0.5671060085296631,0.0016890570049424966,-0.0037994682788848877
25181,gamma,1,0.04384836554527283,-0.00867749232661858,0.034699201583862305
25181,gamma,2,0.16507117450237274,-0.035957729796295516,0.007308006286621094
25181,contrast,1,0.3064867854118347,-0.014099401331249518,0.007842659950256348
25181,contrast,2,-0.8670389652252197,0.0599231816546397,0.04564082622528076
25181,color_cast,1,0.2196190357208252,-0.0031170481177557685,-0.004748821258544922
25181,color_cast,2,-0.1288948804140091,0.0009356246973688293,0.006463527679443359
25228,gamma,1,0.08878166228532791,-4.448315973522584e-05,0.022109881043434143
25228,gamma,2,-0.8467605710029602,0.0024276145769089666,-0.05613037943840027
25228,contrast,1,0.527988076210022,-0.00014969651913862754,0.004729971289634705
25228,contrast,2,-0.7697030901908875,0.001168075001404144,0.018872976303100586
25228,color_cast,1,-0.577501654624939,0.00018399749093499346,0.006169110536575317
25228,color_cast,2,-0.4833180904388428,0.0002764666694999366,0.027959704399108887
25394,gamma,1,0.6939424276351929,-0.003583289612295445,0.044439077377319336
25394,gamma,2,-0.08770160377025604,0.0006117555990326151,0.08084762096405029
25394,contrast,1,0.6128979921340942,-0.001649192175068547,-0.03040635585784912
25394,contrast,2,-0.22507397830486298,0.0016115865467446944,-0.005864858627319336
25394,color_cast,1,0.6560469269752502,-0.00032325549300166157,-0.0494462251663208
25394,color_cast,2,0.5094492435455322,-0.00024147135790449182,0.04313540458679199
25560,gamma,1,-0.8990756869316101,0.0015006624283942479,0.03125181794166565
25560,gamma,2,-0.7272401452064514,0.0009541800170638819,-0.005597352981567383
25560,contrast,1,0.8319672346115112,-0.0007060209423263948,-0.009076148271560669
25560,contrast,2,0.7700303196907043,-0.010366056057958338,0.022847920656204224
25560,color_cast,1,0.7295664548873901,-0.0004164940285833476,0.0014411509037017822
25560,color_cast,2,0.5238729119300842,-0.0007325761878378108,-0.00331994891166687
33221,gamma,1,0.27543237805366516,-0.0013046633582524988,-0.05879896879196167
33221,gamma,2,0.5901049375534058,-0.002394506808634518,0.06221359968185425
33221,contrast,1,0.28620368242263794,-0.0005088885679166839,-0.05553501844406128
33221,contrast,2,0.8717208504676819,-0.0033708184774428832,-0.07454705238342285
33221,color_cast,1,0.2753284275531769,-0.0005356015009738376,-0.07513177394866943
33221,color_cast,2,0.49378857016563416,-0.000690962744030113,-0.008374929428100586
33368,gamma,1,-0.9774739146232605,0.009528992006168958,-0.0070268213748931885
33368,gamma,2,-0.4802919924259186,0.002540332111583509,-0.001854628324508667
33368,contrast,1,-0.69650799036026,0.00621412236488873,0.04226556420326233
33368,contrast,2,-0.7159044742584229,0.004287966618066941,0.032532066106796265
33368,color_cast,1,0.5759653449058533,-0.006652777177046998,0.023033559322357178
33368,color_cast,2,0.619193434715271,-0.001804339118235747,-0.006934106349945068
39405,gamma,1,0.7210375070571899,-0.005617943722886777,-0.003983020782470703
39405,gamma,2,-0.6095156669616699,0.03904259986686495,0.5383930206298828
39405,contrast,1,-0.0001938084460562095,2.2517616709325645e-06,0.036490678787231445
39405,contrast,2,0.20510715246200562,-0.006118286675805715,0.06241750717163086
39405,color_cast,1,0.3849436044692993,-0.001158690244333656,0.019864916801452637
39405,color_cast,2,0.03427133336663246,-0.0001296613347897632,0.027419686317443848
40036,gamma,1,0.40146300196647644,-0.0013870975552547136,0.011451125144958496
40036,gamma,2,0.09092016518115997,-0.000422481150824898,-0.004948735237121582
40036,contrast,1,0.28710514307022095,-0.000831011065433527,0.010815918445587158
40036,contrast,2,0.6001431941986084,-0.0013041676286831923,0.011816680431365967
40036,color_cast,1,0.8284330368041992,-0.004123297449738418,-0.002034097909927368
40036,color_cast,2,0.05696400627493858,-0.00010856954434465462,-0.023838579654693604
42070,gamma,1,0.3813701570034027,-0.00029621222396431055,-0.02984541654586792
42070,gamma,2,0.40768319368362427,-0.00029779104732119204,0.010188698768615723
42070,contrast,1,0.23184774816036224,-0.002332407312538103,-0.009465336799621582
42070,contrast,2,-0.6950843334197998,0.019701937173969893,-0.0026504099369049072
42070,color_cast,1,-0.3940187394618988,9.399534270668218e-05,-0.007915884256362915
42070,color_cast,2,0.05577380210161209,-8.19439851905102e-05,0.00972411036491394
44260,gamma,1,-0.5271820425987244,0.005370568036890048,-0.0350075364112854
44260,gamma,2,-0.529358983039856,0.004094316262654665,-0.005300045013427734
44260,contrast,1,-0.09400695562362671,0.0010475555349307446,0.0013428926467895508
44260,contrast,2,0.27138078212738037,-0.009465937808068328,-0.016878962516784668
44260,color_cast,1,-0.7251827716827393,0.003086016616953142,0.010555744171142578
44260,color_cast,2,-0.18511870503425598,0.000931033916174372,-0.00386202335357666
46872,gamma,1,0.8355159163475037,-0.0010866575540372098,0.012492537498474121
46872,gamma,2,0.8184840083122253,-0.0008929596464865918,0.04767727851867676
46872,contrast,1,0.8819292783737183,-0.0033593465526201675,0.047555387020111084
46872,contrast,2,-0.008633541874587536,7.984619667000684e-06,-0.021572589874267578
46872,color_cast,1,-0.027904445305466652,3.1138477423574286e-05,-0.0029891133308410645
46872,color_cast,2,-0.31924235820770264,0.0005617194524984739,0.028657972812652588
50145,gamma,1,-0.16568715870380402,0.01508003160394973,-0.02475893497467041
50145,gamma,2,0.222665935754776,-0.02171404474272063,-0.045961856842041016
50145,contrast,1,0.8851815462112427,-0.009136084425679885,-7.355213165283203e-05
50145,contrast,2,0.8988151550292969,-0.004509144509112116,-0.0004850625991821289
50145,color_cast,1,0.8750141859054565,-0.010312967034299198,0.028303027153015137
50145,color_cast,2,0.8866312503814697,-0.0017101136326575302,-0.007473111152648926
51598,gamma,1,-0.05374876782298088,5.2576080723560966e-05,-0.0013905167579650879
51598,gamma,2,-0.5957556366920471,0.0010807983046473867,0.012203708291053772
51598,contrast,1,0.024534234777092934,-1.8819781552232868e-05,-0.007162719964981079
51598,contrast,2,-0.8918827772140503,0.0029793991372597662,0.000369340181350708
51598,color_cast,1,-0.6941233277320862,0.004355040524949304,0.028595328330993652
51598,color_cast,2,-0.7000485062599182,0.00721760004960185,0.017067819833755493
54593,gamma,1,0.781075119972229,-0.0035417315684386184,0.0565873384475708
54593,gamma,2,0.18726171553134918,-0.001067869276055562,0.01302558183670044
54593,contrast,1,-0.2537780702114105,0.0013012629005108942,-0.0029532313346862793
54593,contrast,2,-0.857370138168335,0.006518718640306677,0.0019741058349609375
54593,color_cast,1,0.17802491784095764,-0.0004965396892058733,-0.14086228609085083
54593,color_cast,2,0.19470196962356567,-0.000346933928273102,-0.04076993465423584
57725,gamma,1,-0.5265926122665405,0.00022310198152376284,0.010172156617045403
57725,gamma,2,-0.7439991235733032,0.0002790703301864778,0.002786632627248764
57725,contrast,1,0.11484763771295547,-3.069643594213469e-05,-0.004552045837044716
57725,contrast,2,-0.9097814559936523,0.00018281780930853368,0.0006874147802591324
57725,color_cast,1,0.3770321309566498,-6.809258661416315e-05,-0.0045830607414245605
57725,color_cast,2,-0.517532467842102,0.00010864818385388202,0.0045440346002578735
57760,gamma,1,-0.27808520197868347,0.00019146851948749225,0.04409390687942505
57760,gamma,2,0.5411818623542786,-0.0010790476504845797,-0.016260147094726562
57760,contrast,1,0.676072895526886,-0.0009192666620234342,0.018249094486236572
57760,contrast,2,0.9507445693016052,-0.021663043890534295,-0.05848515033721924
57760,color_cast,1,0.7771865129470825,-0.0008300859521613871,-0.0013625025749206543
57760,color_cast,2,0.34359875321388245,-0.0004817281293012366,-2.968311309814453e-05
58655,gamma,1,-0.20010632276535034,0.0003132988641773445,-0.005483776330947876
58655,gamma,2,-0.8699137568473816,0.0006835430909363327,-0.003083467483520508
58655,contrast,1,-0.5772551894187927,0.0008877177753666135,0.03363954275846481
58655,contrast,2,-0.9700626730918884,0.0003613778052764499,0.003753580152988434
58655,color_cast,1,-0.10117021948099136,8.751687235067181e-05,-0.007448211312294006
58655,color_cast,2,-0.7893855571746826,0.0005936314020841421,-0.005570702254772186
60090,gamma,1,0.20567014813423157,-0.00025080336020881814,0.01710522174835205
60090,gamma,2,0.3145643472671509,-0.0005277424010856018,0.014549016952514648
60090,contrast,1,-0.44524887204170227,0.0018741336493907843,-0.07256388664245605
60090,contrast,2,0.975633978843689,-0.004489530245380738,0.004382193088531494
60090,color_cast,1,-0.6779689788818359,0.001414620538646839,0.013216614723205566
60090,color_cast,2,-0.47184818983078003,0.000869828993775749,-0.02222156524658203
61268,gamma,1,-0.38974323868751526,0.006332331315977028,0.007699131965637207
61268,gamma,2,-0.34659528732299805,0.023912074010510043,0.043248653411865234
61268,contrast,1,0.6803357005119324,-0.009350425840718093,0.020584940910339355
61268,contrast,2,-0.28538262844085693,0.0074258180367321285,0.06927931308746338
61268,color_cast,1,0.05386264994740486,-0.00023609833865829294,0.03536975383758545
61268,color_cast,2,-0.1442086547613144,0.00044141949060142637,0.02267223596572876
63047,gamma,1,0.759274423122406,-0.004515119192488351,-0.005450308322906494
63047,gamma,2,0.4262664318084717,-0.0016958424136472286,-0.004448294639587402
63047,contrast,1,0.6594902873039246,-0.0017435893101492657,-0.05913853645324707
63047,contrast,2,-0.8993605971336365,0.004186482468869348,0.04836475849151611
63047,color_cast,1,0.9059516787528992,-0.0034298693997011835,0.01897507905960083
63047,color_cast,2,0.36094310879707336,-0.0006072119615269878,0.0458911657333374
63154,gamma,1,0.8659259080886841,-0.004833366720954135,0.00045228004455566406
63154,gamma,2,0.7713996171951294,-0.0035290562927481717,0.004194825887680054
63154,contrast,1,0.3952590227127075,-0.0006463827694744596,-0.033361971378326416
63154,contrast,2,0.3863790035247803,-0.0001966105882515479,0.014090403914451599
63154,color_cast,1,0.4680831730365753,-0.00022273837129314583,0.007570326328277588
63154,color_cast,2,-0.29712674021720886,0.00013825674106135528,-0.010302603244781494
65074,gamma,1,0.20544086396694183,-0.00013700970986677075,-0.002317875623703003
65074,gamma,2,0.48958221077919006,-0.0015011573209317579,-0.002686023712158203
65074,contrast,1,-0.924895167350769,0.0018473336111357735,0.0002606213092803955
65074,contrast,2,-0.38354191184043884,0.001837232093387075,-0.013256669044494629
65074,color_cast,1,0.41694965958595276,-0.0011443702136196745,0.0021570920944213867
65074,color_cast,2,0.4672485291957855,-0.001385409241799412,-0.014465391635894775
65288,gamma,1,0.3325289785861969,-0.0018839034863420924,0.05089700222015381
65288,gamma,2,0.012249576859176159,-0.00012958145589158504,0.008141517639160156
65288,contrast,1,0.08795838803052902,-0.00043839167761745016,0.03379404544830322
65288,contrast,2,-0.7049182057380676,0.008722488257749695,0.12446916103363037
65288,color_cast,1,-0.4022976756095886,0.0006920956445968193,0.03684854507446289
65288,color_cast,2,0.3918069303035736,-0.0007429359787359307,-0.03794384002685547
70229,gamma,1,-0.9281286597251892,0.01872462233636046,-0.03552144765853882
70229,gamma,2,-0.037492673844099045,0.00017231646446453502,-0.007913470268249512
70229,contrast,1,0.2277994155883789,-0.0012037956554336589,0.012884914875030518
70229,contrast,2,-0.21214327216148376,0.002106469779256225,-0.025121212005615234
70229,color_cast,1,-0.9301199913024902,0.0017836181067033094,0.0001544952392578125
70229,color_cast,2,-0.4521472454071045,0.001169211308203921,-0.0312807559967041
71451,gamma,1,-0.6278550624847412,0.0009096225573448174,-0.009231269359588623
71451,gamma,2,-0.3201361298561096,0.0001801112618861207,-0.0007653906941413879
71451,contrast,1,-0.2566136121749878,8.109423597942286e-05,-0.005967184901237488
71451,contrast,2,0.2980426847934723,-3.055451521339376e-05,-0.001183435320854187
71451,color_cast,1,-0.343902051448822,2.8732872185564093e-05,-0.004241675138473511
71451,color_cast,2,-0.23672078549861908,2.0282091289663447e-05,0.0004105120897293091
73702,gamma,1,0.04062572866678238,-6.40964426235889e-05,0.019988954067230225
73702,gamma,2,-0.07469771057367325,7.746985470091107e-05,0.023849129676818848
73702,contrast,1,-0.13951237499713898,0.00035387490452018413,0.0034282803535461426
73702,contrast,2,0.6674687266349792,-0.009131748764486039,-0.03208273649215698
73702,color_cast,1,-0.02699560858309269,5.553068121670352e-05,-0.011287868022918701
73702,color_cast,2,-0.24131618440151215,0.000593387406971329,0.01195603609085083
75393,gamma,1,-0.6343165636062622,0.0037769925302986863,0.00418245792388916
75393,gamma,2,-0.6106644868850708,0.002489536233589669,0.02295476198196411
75393,contrast,1,0.6880847811698914,-0.0014379797769027399,-0.005962669849395752
75393,contrast,2,0.617814838886261,-0.0026320660993956625,-0.004869997501373291
75393,color_cast,1,-0.7528574466705322,0.004770421568882529,0.0006952285766601562
75393,color_cast,2,-0.925573468208313,0.010128061349294766,-0.03329354524612427
78404,gamma,1,-0.1253097802400589,0.001016260531904438,0.007384657859802246
78404,gamma,2,-0.548407793045044,0.005321561923039678,0.09724807739257812
78404,contrast,1,0.9226489067077637,-0.017174633552960613,-0.04256272315979004
78404,contrast,2,0.06943143904209137,-0.0016106235333718786,0.10402178764343262
78404,color_cast,1,-0.003423017216846347,2.825608268413084e-05,-0.019983410835266113
78404,color_cast,2,0.3415324091911316,-0.0012939483935164443,-0.01653766632080078
78959,gamma,1,-0.18651068210601807,0.001047727372237741,-0.03191733360290527
78959,gamma,2,0.019254859536886215,-9.99682550032804e-05,0.03640639781951904
78959,contrast,1,-0.5904255509376526,0.03208241024388551,0.0733790397644043
78959,contrast,2,0.8613547086715698,-0.09684077323268406,-0.07242918014526367
78959,color_cast,1,-0.29642006754875183,0.002384724658315707,0.012301206588745117
78959,color_cast,2,-0.40393468737602234,0.007506037159037006,-0.06275558471679688
79565,gamma,1,0.4188564717769623,-0.00010242609783613624,-0.002495940774679184
79565,gamma,2,-0.13693246245384216,2.1321387119054275e-05,0.0038071870803833008
79565,contrast,1,0.0462845079600811,-8.165303418774866e-06,0.003163270652294159
79565,contrast,2,-0.22135604918003082,0.00011511101072366445,0.001964312046766281
79565,color_cast,1,-0.6771764755249023,0.0001381160897714893,-0.0001385807991027832
79565,color_cast,2,0.20997300744056702,-2.2437648634474825e-05,0.0031138136982917786
82812,gamma,1,-0.5443837642669678,0.005273992260738419,-0.034973323345184326
82812,gamma,2,-0.027303284034132957,0.00044326333855298887,0.016341745853424072
82812,contrast,1,0.2800907790660858,-0.0036709553263003626,-0.0002231001853942871
82812,contrast,2,0.10481683909893036,-0.0024500214003601826,-0.019608497619628906
82812,color_cast,1,-0.2508154809474945,0.00043632322610548505,0.08257704973220825
82812,color_cast,2,-0.3022242784500122,0.00011530530171666442,0.01058042049407959
83172,gamma,1,-0.660829484462738,0.0004059803540929878,0.010817617177963257
83172,gamma,2,-0.4463098645210266,0.0006065575110779211,-0.0013532638549804688
83172,contrast,1,0.12375225126743317,-8.912184260528172e-05,-0.006675660610198975
83172,contrast,2,-0.11876372992992401,0.00013623383650109082,0.010584324598312378
83172,color_cast,1,-0.5520501136779785,0.0009976522013484433,0.008908718824386597
83172,color_cast,2,-0.2570764720439911,0.0003250477835405968,-0.007111251354217529
86755,gamma,1,-0.6109223365783691,0.0013085966854569488,0.004541635513305664
86755,gamma,2,-0.41783928871154785,0.0014680592239180472,-0.009609222412109375
86755,contrast,1,-0.17845024168491364,0.0005415865908181087,-0.022640228271484375
86755,contrast,2,0.05768834799528122,-3.840914215896769e-05,0.009925425052642822
86755,color_cast,1,-0.6923421025276184,0.00016869453695745907,0.0017892122268676758
86755,color_cast,2,-0.8198743462562561,0.0023484487620396006,-0.0021376609802246094
88218,gamma,1,0.5297867655754089,-0.000179124339238407,-0.01757548749446869
88218,gamma,2,-0.8677465319633484,0.00020609782366592935,0.0064344629645347595
88218,contrast,1,-0.6334981918334961,8.558934314298067e-05,-0.0013850703835487366
88218,contrast,2,0.4122442901134491,-6.844659737690988e-05,0.0054742321372032166
88218,color_cast,1,-0.5594547986984253,0.00033375175682360365,0.00292794406414032
88218,color_cast,2,-0.6902278065681458,0.0001983194274214107,-0.01145365834236145
89556,gamma,1,0.08425936847925186,-0.0011749697741646064,0.02550649642944336
89556,gamma,2,0.19347520172595978,-0.0017219126952140746,0.022909462451934814
89556,contrast,1,-0.08527516573667526,0.0013465163440288621,-0.034999072551727295
89556,contrast,2,0.4673423171043396,-0.0052668224673789055,-0.026343822479248047
89556,color_cast,1,0.7584614157676697,-0.004231838867207692,0.055834412574768066
89556,color_cast,2,0.12411283701658249,-0.00032348141136569024,-0.02108246088027954
99054,gamma,1,0.24913202226161957,-0.0007249880495536539,-0.010161995887756348
99054,gamma,2,0.39268818497657776,-0.0011551359510258853,-0.003795444965362549
99054,contrast,1,0.6971481442451477,-0.0030237980031820066,-0.024191439151763916
99054,contrast,2,0.6706861853599548,-0.0017511579791545412,0.01832824945449829
99054,color_cast,1,0.12701377272605896,-0.00021733627936724559,0.007088720798492432
99054,color_cast,2,-0.17977210879325867,0.00015652754469915728,-0.006645023822784424
101420,gamma,1,0.2623264491558075,-0.00014805542845708607,-0.0003662407398223877
101420,gamma,2,0.3615942597389221,-0.00032043435108544536,-0.0007060617208480835
101420,contrast,1,0.029913950711488724,-5.6398505603068396e-05,-0.0065515488386154175
101420,contrast,2,-0.3571516275405884,0.0005589305399706986,0.004086047410964966
101420,color_cast,1,0.12329801917076111,-9.028988394069004e-05,-0.004162132740020752
101420,color_cast,2,0.6041988134384155,-0.0006469927438976906,0.0033820420503616333
102331,gamma,1,-0.09561716020107269,4.925854451891872e-05,0.007946491241455078
102331,gamma,2,0.6747179627418518,-0.0002902147489600735,0.008222028613090515
102331,contrast,1,-0.7989217638969421,0.004435261244322586,0.007515236735343933
102331,contrast,2,-0.6029831767082214,0.0011815683883667526,0.007254511117935181
102331,color_cast,1,0.002201099880039692,-5.81994060001971e-06,-0.01273857057094574
102331,color_cast,2,-0.4663393795490265,0.001280431066613057,0.007774457335472107
102356,gamma,1,0.1015622541308403,-5.0619333341386514e-05,-0.003120332956314087
102356,gamma,2,0.7877786159515381,-0.0006934293097631989,-0.012586742639541626
102356,contrast,1,-0.36519962549209595,7.459031269760806e-05,-0.004551976919174194
102356,contrast,2,-0.2972855567932129,0.0005222933415846503,0.007519230246543884
102356,color_cast,1,0.1468721479177475,-6.316055535607382e-05,0.017002418637275696
102356,color_cast,2,-0.6588956117630005,0.0004690811727087853,-0.01144157350063324
102805,gamma,1,0.2038961797952652,-0.00027687538195450713,0.03751170635223389
102805,gamma,2,-0.3222816288471222,0.0033366444237323545,0.03223872184753418
102805,contrast,1,-0.23840145766735077,0.002206958470349861,-0.020302653312683105
102805,contrast,2,0.235765278339386,-0.0018813100854058276,-0.0110245943069458
102805,color_cast,1,0.569294810295105,-0.0015415928668153108,-0.06411945819854736
102805,color_cast,2,-0.5256702303886414,0.00020653690030603133,0.009239554405212402
105335,gamma,1,0.06217072904109955,-0.000611130551582505,0.009840130805969238
105335,gamma,2,-0.40236935019493103,0.005467991407111522,0.023202180862426758
105335,contrast,1,-0.21085448563098907,0.0018167430366031652,-0.025458693504333496
105335,contrast,2,0.8004043102264404,-0.03143129117089542,-0.07144200801849365
105335,color_cast,1,0.765542209148407,-0.0029380536928023137,0.01541757583618164
105335,color_cast,2,0.588714063167572,-0.0016758728446634758,-0.04549098014831543
115946,gamma,1,0.24266277253627777,-0.001038196472853246,0.02003037929534912
115946,gamma,2,0.006746184546500444,-2.6038239561077244e-05,0.03538656234741211
115946,contrast,1,0.2583600878715515,-0.0015237720148185002,0.07249367237091064
115946,contrast,2,-0.5741292834281921,0.003919419274108872,0.029114127159118652
115946,color_cast,1,-0.5572013258934021,0.001371584085057211,0.011201798915863037
115946,color_cast,2,-0.7574590444564819,0.0037206392950054333,-0.04137307405471802
116479,gamma,1,-0.6530563235282898,0.0034158664096002878,-0.00044155120849609375
116479,gamma,2,-0.6460168361663818,0.0030044402628162923,0.02148902416229248
116479,contrast,1,-0.36353200674057007,0.0006240246830186407,0.01171809434890747
116479,contrast,2,0.5704747438430786,-0.0016560749630111775,0.008433520793914795
116479,color_cast,1,-0.730827808380127,0.0027659619516691215,-0.0033841729164123535
116479,color_cast,2,0.11913839727640152,-0.00028933247298439465,0.011882901191711426
124798,gamma,1,0.07230985909700394,-4.088569140921258e-05,0.0345379114151001
124798,gamma,2,0.017118971794843674,-2.2087849568413687e-05,0.023974180221557617
124798,contrast,1,0.7879196405410767,-0.0006940287358158299,-0.04799288511276245
124798,contrast,2,0.902190625667572,-0.0007358933205713459,0.06384986639022827
124798,color_cast,1,0.393472820520401,-0.00029725336113172146,-0.01489180326461792
124798,color_cast,2,0.46829304099082947,-0.00042885119507418554,0.03842484951019287
125778,gamma,1,0.8743126392364502,-0.0019141579828439077,-0.038149237632751465
125778,gamma,2,0.9790040850639343,-0.00413450884069408,0.13925111293792725
125778,contrast,1,0.2410443127155304,-0.0024969704915242517,0.030209779739379883
125778,contrast,2,-0.9686328768730164,0.029391907324644348,0.04828524589538574
125778,color_cast,1,-0.4912530779838562,0.0018735392228940067,-0.013512492179870605
125778,color_cast,2,-0.6671271920204163,0.0025699365913253117,-0.026448488235473633
130386,gamma,1,0.004797255154699087,-1.0318964118433833e-05,0.008629381656646729
130386,gamma,2,0.08069562911987305,-0.0003409389456912063,0.01870417594909668
130386,contrast,1,-0.7518752813339233,0.0011054449588597686,-0.024709880352020264
130386,contrast,2,-0.4029995799064636,0.0041501111752537895,0.03518331050872803
130386,color_cast,1,-0.27279675006866455,0.0005518905812753412,0.012281596660614014
130386,color_cast,2,0.5865358114242554,-0.0011459100256909396,-0.0028082728385925293
132329,gamma,1,-0.5303227305412292,0.0020412989344552415,-0.008880287408828735
132329,gamma,2,-0.613266110420227,0.0018930106974143054,0.010462671518325806
132329,contrast,1,0.3280946612358093,-0.0002609526113984876,0.006154954433441162
132329,contrast,2,-0.3103830814361572,0.0004962137404433484,0.014808475971221924
132329,color_cast,1,0.01076669991016388,-1.174929832125811e-05,0.013160884380340576
132329,color_cast,2,-0.36488547921180725,0.00023723725534508246,0.013448894023895264
132703,gamma,1,0.30147820711135864,-0.0005195721762269321,-0.002619795501232147
132703,gamma,2,0.796147346496582,-0.0012212631532464058,0.0043370723724365234
132703,contrast,1,-0.0359756238758564,5.9748083394043764e-05,-0.0008591189980506897
132703,contrast,2,-0.575527548789978,0.002595493562095695,0.005173981189727783
132703,color_cast,1,0.5511208176612854,-0.00021134024011129813,-0.005679488182067871
132703,color_cast,2,0.8922673463821411,-0.0003422695186572847,-0.005147486925125122
134886,gamma,1,-0.13890407979488373,0.0010161777867501666,-0.003112316131591797
134886,gamma,2,-0.4328225255012512,0.004458391694951317,-0.01520228385925293
134886,contrast,1,0.3618146777153015,-0.001161581557849479,-0.03770267963409424
134886,contrast,2,-0.14053770899772644,0.0016941568633590913,-0.00013184547424316406
134886,color_cast,1,0.21895673871040344,-0.0016120580648787048,0.02043282985687256
134886,color_cast,2,-0.40916866064071655,0.0033773288210469433,0.01630270481109619
136466,gamma,1,-0.8378852009773254,0.0014772534748388182,-0.015094965696334839
136466,gamma,2,-0.8647308349609375,0.0009013395747258069,-0.000690162181854248
136466,contrast,1,0.38171592354774475,-0.0003500188330048858,0.03817790746688843
136466,contrast,2,0.5990896821022034,-0.0005173113054829708,-0.0013465583324432373
136466,color_cast,1,0.25826045870780945,-0.00020991664028181687,-0.004640489816665649
136466,color_cast,2,0.6860575675964355,-0.0004020774815546852,0.003928452730178833
144932,gamma,1,0.06573829054832458,-0.0002019503994399388,0.006031155586242676
144932,gamma,2,-0.3861958980560303,0.0015473700244966562,-0.0032317638397216797
144932,contrast,1,-0.9493626952171326,0.015030508989564076,0.0007745027542114258
144932,contrast,2,-0.4849577844142914,0.012605419868106258,0.012058019638061523
144932,color_cast,1,-0.7274564504623413,0.004685393002783016,0.0019723176956176758
144932,color_cast,2,-0.18441325426101685,0.0013477678797341654,-0.001255631446838379
145665,gamma,1,0.048766374588012695,-1.2312953045708802e-05,-0.01867997646331787
145665,gamma,2,0.14666247367858887,-2.4100119573874283e-05,-0.005859881639480591
145665,contrast,1,-0.32616859674453735,0.00014214706549021077,-0.0015424638986587524
145665,contrast,2,0.581531286239624,-0.00026008154750187837,-0.0239592045545578
145665,color_cast,1,0.6537922620773315,-0.00026104871865442584,-0.01862873136997223
145665,color_cast,2,0.01695152372121811,-6.839828441969624e-06,-0.0062162429094314575
147223,gamma,1,-0.31922218203544617,0.001968792884531002,-0.019909143447875977
147223,gamma,2,0.1525157243013382,-0.0004499302751113845,0.0012322068214416504
147223,contrast,1,0.8785442113876343,-0.010347296231247772,-0.009405851364135742
147223,contrast,2,0.9867211580276489,-0.01000458133943459,-0.011128485202789307
147223,color_cast,1,0.3613573908805847,-0.0006474210490257501,-0.00951889157295227
147223,color_cast,2,0.6228788495063782,-0.0002714890852153438,0.01923203468322754
153632,gamma,1,-0.23518389463424683,0.00045615429679580805,0.006492137908935547
153632,gamma,2,0.34074485301971436,-0.001133508772359331,0.005241870880126953
153632,contrast,1,0.8182513117790222,-0.001732166347232609,0.0019192695617675781
153632,contrast,2,0.8600785732269287,-0.012502387182957804,-0.022135794162750244
153632,color_cast,1,-0.007775954902172089,1.5875036556923073e-05,0.0025836825370788574
153632,color_cast,2,0.8235589861869812,-0.0007606234641735557,0.0006093680858612061
155443,gamma,1,0.5625386238098145,-0.003502280423264401,0.00123518705368042
155443,gamma,2,0.5366233587265015,-0.02287182425179689,-0.07363772392272949
155443,contrast,1,0.6563544869422913,-0.018790908771914607,-0.008885443210601807
155443,contrast,2,0.7897717356681824,-0.04518224089192443,-0.057605743408203125
155443,color_cast,1,-0.46652111411094666,0.000787275349287243,0.009133577346801758
155443,color_cast,2,-0.8167985081672668,0.003119337936228211,5.263090133666992e-05
159458,gamma,1,-0.7757991552352905,0.00048231656577471565,-0.01657208800315857
159458,gamma,2,-0.5386518836021423,0.0006464149482444069,-0.02906128764152527
159458,contrast,1,0.738050103187561,-0.004505533369746534,-0.010997682809829712
159458,contrast,2,0.5776079893112183,-0.003212607698089716,-0.0130251944065094
159458,color_cast,1,0.3044176995754242,-0.00021584390780175,0.0005654692649841309
159458,color_cast,2,0.9360249042510986,-0.002490764082403445,-0.0181424617767334
160556,gamma,1,0.12807294726371765,-0.0010142462128917887,0.04270195960998535
160556,gamma,2,-0.4253280758857727,0.004336568258795637,0.09257864952087402
160556,contrast,1,0.6284211874008179,-0.001329141767924649,-0.006389260292053223
160556,contrast,2,0.4763774275779724,-0.004035200905279676,-0.04266858100891113
160556,color_cast,1,0.11678022891283035,-0.0008320371740654268,-0.015767157077789307
160556,color_cast,2,-0.08755837380886078,0.0006915641851964028,-0.012050032615661621
163155,gamma,1,0.8867905735969543,-0.0005912173299926423,0.004883766174316406
163155,gamma,2,-0.31895914673805237,0.0003919498918832339,-0.0031653791666030884
163155,contrast,1,0.3884696364402771,-0.00013325130082379545,0.0013475418090820312
163155,contrast,2,-0.648189902305603,0.00038395801781346576,-0.007705435156822205
163155,color_cast,1,0.44473889470100403,-0.0001729314185429,0.0007535740733146667
163155,color_cast,2,-0.8151655197143555,0.0005138475461499561,0.005036190152168274
163611,gamma,1,-0.5109323263168335,0.003252926756920123,-0.003921866416931152
163611,gamma,2,-0.15847600996494293,0.0007485494644855821,-0.0035130977630615234
163611,contrast,1,-0.8135878443717957,0.0021877100158291776,0.0008256733417510986
163611,contrast,2,0.01352560706436634,-3.780243181040677e-05,0.015104293823242188
163611,color_cast,1,0.22244974970817566,-0.0003993334113762737,0.024176687002182007
163611,color_cast,2,0.8054947853088379,-0.0023514626784820213,-0.02215436100959778
163682,gamma,1,-0.09246600419282913,7.146203565939616e-05,0.020226389169692993
163682,gamma,2,0.056070614606142044,-9.21915815632146e-05,-0.021177202463150024
163682,contrast,1,0.6893996000289917,-0.00117169713270955,-0.013485759496688843
163682,contrast,2,0.29007473587989807,-0.0004979875057646498,0.008412659168243408
163682,color_cast,1,-0.30996403098106384,0.00016288433355563,-0.0039441585540771484
163682,color_cast,2,0.15279458463191986,-7.592181877258018e-05,0.0050730109214782715
165336,gamma,1,0.9830244779586792,-0.002162393003316193,0.0011746808886528015
165336,gamma,2,0.9120435118675232,-0.0015852194256925937,-0.012703634798526764
165336,contrast,1,0.9651159048080444,-0.0023287004963194638,-0.02089708298444748
165336,contrast,2,-0.889753520488739,0.0016437387629322183,-0.01563374698162079
165336,color_cast,1,0.5354210734367371,-0.000125883503590272,0.007733136415481567
165336,color_cast,2,0.47181859612464905,-0.00021159621138728947,-0.006590522825717926
166259,gamma,1,0.16441501677036285,-0.001217783139097045,-0.00465431809425354
166259,gamma,2,-0.007100831251591444,2.4544250823418243e-05,0.03388339281082153
166259,contrast,1,0.6176194548606873,-0.0017947852540539302,-0.007485106587409973
166259,contrast,2,-0.8287592530250549,0.0029941262045473636,0.0133323073387146
166259,color_cast,1,-0.4277573525905609,0.0007215308952298102,0.006056010723114014
166259,color_cast,2,-0.7629876732826233,0.0013636447802429083,0.01326744258403778
170670,gamma,1,-0.20395787060260773,0.0005958697217719604,-0.002905726432800293
170670,gamma,2,-0.4654954969882965,0.0015861530280426893,0.005810141563415527
170670,contrast,1,-0.9422959685325623,0.003010955844493948,0.03722202777862549
170670,contrast,2,0.18430344760417938,-0.0007650953823163588,-0.049541592597961426
170670,color_cast,1,-0.18457883596420288,0.0005249227473224184,0.031191349029541016
170670,color_cast,2,-0.480420857667923,0.0016800831490105972,0.0194394588470459
180751,gamma,1,0.17166826128959656,-0.0005617856402238439,0.05158805847167969
180751,gamma,2,0.46685323119163513,-0.0017827669059794417,-0.02062845230102539
180751,contrast,1,0.361572802066803,-0.00032082234300649627,-0.0176277756690979
180751,contrast,2,-0.8096935749053955,0.0050199287480706825,0.038276076316833496
180751,color_cast,1,0.36323195695877075,-0.00038230176334976375,-0.005202293395996094
180751,color_cast,2,0.5473713278770447,-0.00047315421456616273,0.019642531871795654
181859,gamma,1,0.053957026451826096,-2.4151410726116173e-05,-0.0016980469226837158
181859,gamma,2,-0.12191098928451538,4.2664589058662034e-05,-0.0020585209131240845
181859,contrast,1,0.1401241421699524,-0.00012067247161514773,0.0016027837991714478
181859,contrast,2,-0.6681521534919739,0.00028537402652021427,-0.003461897373199463
181859,color_cast,1,0.8397225737571716,-0.00039840008865355843,-0.013096824288368225
181859,color_cast,2,0.9764648079872131,-0.0020058870784868733,0.009419411420822144
182923,gamma,1,0.33131709694862366,-0.0001184831603531349,-0.0066977739334106445
182923,gamma,2,-0.2524312436580658,0.00041675113936322813,0.01863187551498413
182923,contrast,1,-0.5361809730529785,0.0004479968655766557,0.020356178283691406
182923,contrast,2,-0.1562456339597702,0.00025169818705906617,-0.03991878032684326
182923,color_cast,1,0.3880676329135895,-0.00047506725269811723,0.012133419513702393
182923,color_cast,2,0.8551326394081116,-0.0007074258013495966,0.009373188018798828
183246,gamma,1,0.6930788159370422,-0.012686037219522415,0.023741722106933594
183246,gamma,2,-0.6206448674201965,0.01803069987863895,0.11134219169616699
183246,contrast,1,0.3712122440338135,-0.008104963136628507,-0.035124897956848145
183246,contrast,2,-0.7430465817451477,0.016480661960537196,0.03301680088043213
183246,color_cast,1,-0.955003023147583,0.04109607647605948,-0.0014529228210449219
183246,color_cast,2,-0.6316224336624146,0.008411536184222522,0.023683547973632812
183675,gamma,1,-0.0019299242412671447,3.431779109631115e-07,-0.003367513418197632
183675,gamma,2,0.28181400895118713,-0.00011475403259239309,-0.02634270489215851
183675,contrast,1,0.29401925206184387,-0.00011114283715331813,-0.02610693871974945
183675,contrast,2,0.3967936933040619,-0.00041730056415866575,0.016504928469657898
183675,color_cast,1,0.6889247298240662,-8.857921035315327e-05,0.002638787031173706
183675,color_cast,2,0.2644571363925934,-3.527462598549691e-05,-0.006920158863067627
186980,gamma,1,0.775124192237854,-0.011238407698800154,0.049488067626953125
186980,gamma,2,0.711767852306366,-0.008852148704625584,0.004273772239685059
186980,contrast,1,0.7642176151275635,-0.007919048104691287,0.016381263732910156
186980,contrast,2,-0.31412839889526367,0.006142709486084724,0.04581952095031738
186980,color_cast,1,0.07051324099302292,-0.00024603560338042535,0.00267946720123291
186980,color_cast,2,-0.8466504216194153,0.002576316203682544,0.009456872940063477
193884,gamma,1,-0.7362512946128845,0.000171882205791467,-0.0003408975899219513
193884,gamma,2,-0.7440948486328125,0.00013352255387236655,0.004040095955133438
193884,contrast,1,-0.9745153784751892,7.732273280403314e-05,0.00021006911993026733
193884,contrast,2,-0.16072024405002594,1.2176026605475317e-05,0.003221588209271431
193884,color_cast,1,0.5549560189247131,-9.453917162353751e-05,0.001009305939078331
193884,color_cast,2,0.6103289723396301,-5.189225456724699e-05,-0.00012449361383914948
193926,gamma,1,-0.3003203272819519,0.0009357354237899615,-0.03874480724334717
193926,gamma,2,0.2937249541282654,-0.0012681230772470136,0.011550545692443848
193926,contrast,1,0.43832531571388245,-0.0011685348683041748,0.011143088340759277
193926,contrast,2,-0.5752301216125488,0.010165337133115963,-0.008354783058166504
193926,color_cast,1,-0.6898006796836853,0.0005571673608168775,0.025414228439331055
193926,color_cast,2,-0.4257284700870514,0.00036213028339928945,0.02923715114593506
196009,gamma,1,-0.7144182324409485,0.00035899937613365405,-0.001954495906829834
196009,gamma,2,-0.4549919068813324,0.00036313431912203596,0.018372729420661926
196009,contrast,1,-0.41002485156059265,0.0021731754619219476,0.007918566465377808
196009,contrast,2,-0.3810397684574127,0.003786700716603557,-0.019694864749908447
196009,color_cast,1,-0.6736339926719666,7.108051278518231e-05,-0.008534565567970276
196009,color_cast,2,0.6276381015777588,-0.00024351966435257348,0.0018576979637145996
197796,gamma,1,-0.5200429558753967,0.0002607657389393723,0.005320489406585693
197796,gamma,2,-0.07297414541244507,0.00033158274117377987,-0.0035501718521118164
197796,contrast,1,-0.5816349387168884,0.0018164670545332585,0.017963528633117676
197796,contrast,2,-0.44215908646583557,0.008729014377101241,0.004613697528839111
197796,color_cast,1,0.07319393008947372,-7.82593043676108e-05,-0.026842474937438965
197796,color_cast,2,0.7976704239845276,-0.00033349028478995077,0.005869626998901367
200667,gamma,1,0.17175611853599548,-0.000230579329512613,-0.007396623492240906
200667,gamma,2,0.3903418779373169,-0.00020439023859650544,-0.003477834165096283
200667,contrast,1,0.7186095714569092,-0.0010921688466886393,0.001512080430984497
200667,contrast,2,0.32167211174964905,-0.000501391497726385,0.0003266632556915283
200667,color_cast,1,0.3524987995624542,-7.165036940280697e-05,-0.0044851154088974
200667,color_cast,2,0.16796810925006866,-3.299964243460026e-05,0.00020506978034973145
200961,gamma,1,-0.5571614503860474,0.008541360511372024,-0.01603454351425171
200961,gamma,2,-0.29220035672187805,0.005181858171850448,-0.04355335235595703
200961,contrast,1,0.9559201002120972,-0.005608925413891345,-0.03171759843826294
200961,contrast,2,0.9745380878448486,-0.015979559268161973,-0.012603759765625
200961,color_cast,1,-0.29053109884262085,0.0021205779091431733,0.006502747535705566
200961,color_cast,2,0.8256149291992188,-0.00455167023433941,0.04058253765106201
201418,gamma,1,0.13358865678310394,-0.0004975232358318288,-0.04613947868347168
201418,gamma,2,0.5557588338851929,-0.009071245335940123,0.013127326965332031
201418,contrast,1,0.055310022085905075,-0.0004329694445660962,0.059505343437194824
201418,contrast,2,-0.37533941864967346,0.007350395103539343,0.034497976303100586
201418,color_cast,1,-0.6808838844299316,0.002495875417602485,0.034329771995544434
201418,color_cast,2,-0.4947379231452942,0.0010553231423392972,0.011386871337890625
201775,gamma,1,0.021042095497250557,-8.024233251732868e-06,0.0010747909545898438
201775,gamma,2,0.13706421852111816,-5.1652395907592666e-05,-0.0022369325160980225
201775,contrast,1,0.8135086894035339,-0.00032352807504030514,-0.001258760690689087
201775,contrast,2,0.1123909056186676,-4.173272273902179e-05,0.015323728322982788
201775,color_cast,1,0.5467519760131836,-6.066314565453925e-05,-0.0001971721649169922
201775,color_cast,2,0.35344019532203674,-0.0002765569289315924,-0.006681755185127258
203095,gamma,1,0.7705199122428894,-0.001376935665966597,0.01278635859489441
203095,gamma,2,0.9167831540107727,-0.001204712184689718,0.014328569173812866
203095,contrast,1,-0.11056976020336151,0.0005460242142553234,-0.012450158596038818
203095,contrast,2,0.03461538255214691,-0.00016980923493051158,0.0035684704780578613
203095,color_cast,1,0.6487303376197815,-0.0010455966488573541,-0.001713871955871582
203095,color_cast,2,-0.19060786068439484,0.00037862186610937876,0.014409124851226807
210855,gamma,1,0.3476216495037079,-0.0002767904917336846,0.002577155828475952
210855,gamma,2,0.04237460345029831,-6.67616486974304e-05,-0.009936779737472534
210855,contrast,1,0.8640971183776855,-0.00046633425412870197,-0.0033034980297088623
210855,contrast,2,-0.051823001354932785,9.546694505297507e-05,0.012352526187896729
210855,color_cast,1,0.4621438980102539,-0.0006919113005770205,-0.009366661310195923
210855,color_cast,2,0.9830330610275269,-0.005208344822157539,0.006180077791213989
213605,gamma,1,0.5249814987182617,-0.0006850705023450539,0.027803361415863037
213605,gamma,2,-0.5631256699562073,0.0005351433924112059,-0.021351724863052368
213605,contrast,1,0.882936954498291,-0.002263893853572774,0.0010351836681365967
213605,contrast,2,0.7579243183135986,-0.005388789109375077,-0.011761307716369629
213605,color_cast,1,0.8142079710960388,-0.006205838881648842,0.022453248500823975
213605,color_cast,2,-0.3176465332508087,0.0004244923562646202,-0.011987149715423584
214703,gamma,1,-0.008072758093476295,6.6805013100180305e-06,-0.0003688335418701172
214703,gamma,2,0.692848265171051,-0.005080011034015608,0.008406013250350952
214703,contrast,1,-0.14540721476078033,0.0013261767799267847,0.006670117378234863
214703,contrast,2,-0.06862372159957886,0.0005402312932044799,-0.011623978614807129
214703,color_cast,1,0.3249621093273163,-0.0006359761313747686,-0.0033122897148132324
214703,color_cast,2,-0.17439906299114227,0.0006811840444676898,-0.02256721258163452
217060,gamma,1,0.6543755531311035,-6.856877239781216e-05,0.0018437542021274567
217060,gamma,2,0.6804924011230469,-2.5117971258343826e-05,0.0010381154716014862
217060,contrast,1,-0.8349786400794983,3.419018686913582e-05,0.0031572245061397552
217060,contrast,2,-0.24418899416923523,7.830649212510048e-05,0.0005980432033538818
217060,color_cast,1,0.15900933742523193,-4.1111682352832196e-05,0.00018024630844593048
217060,color_cast,2,0.38124117255210876,-0.00016900325188525002,-0.008513715118169785
217425,gamma,1,-0.012929431162774563,2.277420695372362e-06,-0.0003440454602241516
217425,gamma,2,0.7142325043678284,-0.00025338736544707315,0.005423225462436676
217425,contrast,1,0.6154208779335022,-0.00016595864479228934,-0.009133651852607727
217425,contrast,2,-0.7972557544708252,0.00044216476757017543,-0.001290585845708847
217425,color_cast,1,-0.8215708136558533,9.965263267935719e-05,0.001491885632276535
217425,color_cast,2,-0.5356845855712891,8.710382356311264e-05,0.008657906204462051
218997,gamma,1,-0.1968950778245926,0.0019958971943733347,0.01799607276916504
218997,gamma,2,-0.10340814292430878,0.0010586142612408825,-0.006928443908691406
218997,contrast,1,-0.2453848272562027,0.0077054536947394996,-0.0007071495056152344
218997,contrast,2,-0.6793444156646729,0.02626452141772405,0.09838199615478516
218997,color_cast,1,0.059369102120399475,-0.0020830144904550444,-0.010764360427856445
218997,color_cast,2,-0.8116481900215149,0.02005674872345099,0.013267993927001953
220584,gamma,1,0.7424119710922241,-0.0005572871803381654,-0.002023637294769287
220584,gamma,2,0.9530301690101624,-0.0008955145272089995,0.004764929413795471
220584,contrast,1,-0.491842120885849,0.0004625858599668584,-0.007905527949333191
220584,contrast,2,-0.262632817029953,0.0003252389389682324,0.006393030285835266
220584,color_cast,1,-0.13477061688899994,0.00012159031589437345,0.001447424292564392
220584,color_cast,2,-0.7026926279067993,0.0011840074930400853,-0.01150812953710556
228981,gamma,1,-0.6841759085655212,0.00011924557768499145,-0.013906292617321014
228981,gamma,2,0.14220887422561646,-1.2096712865221208e-05,0.018079407513141632
228981,contrast,1,-0.8343998193740845,0.0001087512720996841,0.0065041109919548035
228981,contrast,2,-0.4174719750881195,0.0008396522893453642,0.0050318241119384766
228981,color_cast,1,-0.38192251324653625,0.00012059996553929241,0.005385756492614746
228981,color_cast,2,-0.7021646499633789,0.00011838634241384804,0.0009554177522659302
229553,gamma,1,-0.6389843225479126,0.00034383080941935423,-0.00404028594493866
229553,gamma,2,-0.9204096794128418,0.00019518590749072296,0.004933245480060577
229553,contrast,1,-0.24122193455696106,0.00018450025839227685,-0.0025289729237556458
229553,contrast,2,0.7669018507003784,-0.0007726381101946814,-0.0037190020084381104
229553,color_cast,1,-0.530430018901825,0.00010721751757418251,0.0074257999658584595
229553,color_cast,2,-0.297036349773407,0.0001079623848286998,0.0017712712287902832
229601,gamma,1,-0.6027750372886658,0.0014299365271848033,0.004246830940246582
229601,gamma,2,-0.15413808822631836,0.00031345283403074256,-0.0019695162773132324
229601,contrast,1,-0.272923082113266,0.00032136361022261904,-0.009692490100860596
229601,contrast,2,0.2380949854850769,-0.00021217899414146518,-0.01841747760772705
229601,color_cast,1,-0.30371224880218506,0.000486853064701467,0.011245191097259521
229601,color_cast,2,-0.22330990433692932,0.00036672804189435835,0.016620934009552002
232348,gamma,1,-0.6058853268623352,0.0014195258766602906,0.021934255957603455
232348,gamma,2,-0.35440388321876526,0.0003976504712666488,-0.0078524649143219
232348,contrast,1,0.44536876678466797,-0.0012464638676187335,-0.003568887710571289
232348,contrast,2,-0.007423023693263531,1.4154712568220651e-05,-0.006634145975112915
232348,color_cast,1,-0.08300872892141342,2.9522329830872913e-05,0.001355186104774475
232348,color_cast,2,-0.4057070314884186,0.00018959471848928818,-0.001026548445224762
235778,gamma,1,-0.9308255314826965,0.034394244089469554,0.030682802200317383
235778,gamma,2,-0.8832980990409851,0.015210806023812027,-0.03136944770812988
235778,contrast,1,-0.8072327375411987,0.012521939310231045,0.022461414337158203
235778,contrast,2,-0.352138489484787,0.005837640558990992,0.08549737930297852
235778,color_cast,1,-0.5304189920425415,0.006932959267767075,0.004399418830871582
235778,color_cast,2,-0.46680328249931335,0.01069906651142323,0.0645899772644043
237316,gamma,1,0.6507408022880554,-0.0012075953146428323,-0.007419511675834656
237316,gamma,2,-0.7135921120643616,0.0005375064895830742,-0.011883221566677094
237316,contrast,1,-0.9112550020217896,0.0019524753826199494,0.01055743545293808
237316,contrast,2,-0.9309849739074707,0.0006260633072455681,0.010933421552181244
237316,color_cast,1,-0.9351492524147034,0.0009435692726412804,-0.00962529331445694
237316,color_cast,2,-0.6967024803161621,0.0022954890276054196,0.01512676477432251
249219,gamma,1,-0.36687788367271423,0.00014476240863659277,0.003990858793258667
249219,gamma,2,-0.10375162959098816,8.913788342630762e-05,-0.009266562759876251
249219,contrast,1,0.9607372283935547,-0.001434422340027647,-0.00428549200296402
249219,contrast,2,0.5587440729141235,-0.000874963875590332,-0.015086844563484192
249219,color_cast,1,0.6910973787307739,-0.0011357387869747133,-0.002638198435306549
249219,color_cast,2,-0.8358981013298035,0.0005211764203023597,0.0037610307335853577
250766,gamma,1,-0.8159390687942505,0.0013034636009191679,0.08059170842170715
250766,gamma,2,0.33349665999412537,-0.0008781038503843189,-0.0006482601165771484
250766,contrast,1,0.3188092112541199,-0.0005999047023800372,-0.020631253719329834
250766,contrast,2,-0.6017998456954956,0.013664095757104706,0.028883814811706543
250766,color_cast,1,-0.46319425106048584,0.0006484900697717321,-0.044558316469192505
250766,color_cast,2,0.758104681968689,-0.005266875376683283,0.03197580575942993
253819,gamma,1,-0.3326336443424225,0.0022780168043657683,0.030116364359855652
253819,gamma,2,-0.44128164649009705,0.004930441479082157,0.004274524748325348
253819,contrast,1,0.6291055679321289,-0.0008022488677470821,0.004814401268959045
253819,contrast,2,0.9648983478546143,-0.0023610310112172996,-0.004773221909999847
253819,color_cast,1,0.11984215676784515,-4.9347045681605654e-05,0.004425935447216034
253819,color_cast,2,-0.7612140774726868,0.00024602505731188015,-0.00600578635931015
255165,gamma,1,-0.9369016289710999,0.0023575446544981983,0.013049006462097168
255165,gamma,2,0.18810980021953583,-0.00027609507794203647,0.040700554847717285
255165,contrast,1,-0.526564359664917,0.0006829059158570529,-0.027570247650146484
255165,contrast,2,-0.778508722782135,0.007323299465601563,0.02930307388305664
255165,color_cast,1,0.45214471220970154,-0.0005434208155894138,-0.015590906143188477
255165,color_cast,2,-0.6823062300682068,0.0030177466531846322,-0.04605567455291748
259597,gamma,1,-0.135970801115036,0.00019705490839361223,0.006755173206329346
259597,gamma,2,-0.3280797600746155,0.0004366098566040887,0.02091073989868164
259597,contrast,1,0.22358688712120056,-0.00029444696628848544,0.004499495029449463
259597,contrast,2,-0.5371330380439758,0.0009539115722140703,-0.016488075256347656
259597,color_cast,1,-0.8659663200378418,0.0010692381509128724,-0.001915276050567627
259597,color_cast,2,0.32013756036758423,-0.0007037076865455622,0.03619116544723511
260105,gamma,1,-0.5932375192642212,0.0010649287242817942,-0.008146882057189941
260105,gamma,2,-0.5483328104019165,0.0030747163353546515,-0.011251509189605713
260105,contrast,1,-0.6627364158630371,0.003872517079694278,-0.007764041423797607
260105,contrast,2,-0.13068227469921112,0.0008131919974090646,0.003703594207763672
260105,color_cast,1,-0.22368618845939636,0.00016845598880139772,-0.010460376739501953
260105,color_cast,2,0.7857303023338318,-0.0008300922569830692,-0.013145685195922852
267670,gamma,1,-0.08190438151359558,1.611029768128613e-05,0.00625290721654892
267670,gamma,2,-0.1795225590467453,7.09844579300815e-05,0.01000119000673294
267670,contrast,1,0.26570194959640503,-0.0001252337212344607,0.006571143865585327
267670,contrast,2,-0.07891136407852173,0.00011362585407664553,-0.0019005686044692993
267670,color_cast,1,-0.5998023748397827,0.00029518365375493546,-0.0013252198696136475
267670,color_cast,2,0.6680081486701965,-0.00039155551315487507,-0.0015831738710403442
268729,gamma,1,0.12599974870681763,-0.0002248737032879771,0.005010545253753662
268729,gamma,2,-0.11735817790031433,0.00013890378819314894,0.03461861610412598
268729,contrast,1,0.5511236190795898,-0.01305710039537244,-0.007137656211853027
268729,contrast,2,-0.8983967304229736,0.031977826281581925,-0.0162966251373291
268729,color_cast,1,0.909406840801239,-0.01701318064919576,0.07182043790817261
268729,color_cast,2,0.7499418258666992,-0.003806890281723191,0.010843038558959961
271471,gamma,1,0.1984073668718338,-0.0002159533575265822,0.005289435386657715
271471,gamma,2,-0.3059608042240143,0.0007882701853896339,-0.0059795379638671875
271471,contrast,1,0.3431570529937744,-0.00021537977685921162,-0.004953503608703613
271471,contrast,2,-0.5007776021957397,0.005855248242941943,-0.009183764457702637
271471,color_cast,1,0.16862943768501282,-0.00011126402624162362,0.004473268985748291
271471,color_cast,2,0.8541318774223328,-0.0011297413896221918,0.023875772953033447
273551,gamma,1,0.7810567021369934,-0.002185002744832714,-0.0008864551782608032
273551,gamma,2,0.1374713033437729,-0.00037795983965237197,0.0014040321111679077
273551,contrast,1,0.7400373220443726,-0.0006467070263586186,0.0041493624448776245
273551,contrast,2,0.44580188393592834,-0.00020003036446545713,-0.004717811942100525
273551,color_cast,1,0.5690515041351318,-0.0006972960308372853,0.0013862550258636475
273551,color_cast,2,0.7619489431381226,-0.000888683042917459,0.015493303537368774
273711,gamma,1,-0.26551252603530884,0.0018383546597910902,-0.044489383697509766
273711,gamma,2,0.02371482364833355,-0.00018677397926002409,-0.10552048683166504
273711,contrast,1,0.543367326259613,-0.0030860397920802946,-0.06783342361450195
273711,contrast,2,0.42603054642677307,-0.014804858276517043,-0.13495969772338867
273711,color_cast,1,-0.44831815361976624,0.0011170454686179692,-0.021454215049743652
273711,color_cast,2,-0.5150355696678162,0.0012517354713979683,-0.040080904960632324
275727,gamma,1,0.31592851877212524,-0.0005708815682686422,0.007262915372848511
275727,gamma,2,0.10522112995386124,-0.0002695949263435317,0.00691559910774231
275727,contrast,1,0.35233762860298157,-0.0007330657442859316,-0.0035049021244049072
275727,contrast,2,-0.2389322966337204,0.0002948449034045437,0.0017692744731903076
275727,color_cast,1,0.1939755082130432,-0.00012223723438590538,-0.005971208214759827
275727,color_cast,2,-0.23993895947933197,0.00021261307475006452,0.0008042007684707642
280779,gamma,1,-0.1411684900522232,0.0004931578994746972,-0.0021511465311050415
280779,gamma,2,0.19632203876972198,-0.0021318157018898063,-0.006151854991912842
280779,contrast,1,0.8671747446060181,-0.0020429989485213048,-0.0025107860565185547
280779,contrast,2,0.7786305546760559,-0.002145553753177433,0.00032278895378112793
280779,color_cast,1,-0.4238816797733307,0.0010091689318371543,0.009850025177001953
280779,color_cast,2,0.4956127405166626,-0.0003605482615422658,-0.004840284585952759
282037,gamma,1,0.004904464818537235,-4.6285396278863966e-05,0.06438255310058594
282037,gamma,2,0.17585332691669464,-0.001242318336035389,-0.0021669864654541016
282037,contrast,1,0.498109370470047,-0.01694440872493645,-0.024910926818847656
282037,contrast,2,0.02417534589767456,-0.001147984902117838,0.040689945220947266
282037,color_cast,1,0.3500201404094696,-0.010858546855717445,-0.023633718490600586
282037,color_cast,2,-0.09445017576217651,0.003303090953719785,-0.034818410873413086
283268,gamma,1,0.16327711939811707,-0.0010911559976237045,-0.013051927089691162
283268,gamma,2,-0.5123129487037659,0.003663215192430234,-0.0023781657218933105
283268,contrast,1,-0.6217588186264038,0.0002144164170735265,-0.005942046642303467
283268,contrast,2,0.7233717441558838,-0.001506966898285014,-0.013820111751556396
283268,color_cast,1,0.6750259399414062,-0.004581419636591142,-0.023331642150878906
283268,color_cast,2,0.7110826969146729,-0.004939492708444959,-0.0285646915435791
284279,gamma,1,0.7305084466934204,-0.0002057748826096672,-0.0006914809346199036
284279,gamma,2,0.037254780530929565,-6.9523191736036655e-06,-0.0065517425537109375
284279,contrast,1,0.8257812857627869,-0.0006455789642515822,0.006423071026802063
284279,contrast,2,0.19674740731716156,-4.988663272321393e-05,0.001829441636800766
284279,color_cast,1,-0.2985963821411133,0.00015775788146169938,-0.002449996769428253
284279,color_cast,2,-0.4364538788795471,0.0004305266370779503,0.0006644055247306824
286849,gamma,1,-0.4594572186470032,0.0012530719723529277,-0.002997845411300659
286849,gamma,2,0.20885801315307617,-0.0015000956065286824,0.005794256925582886
286849,contrast,1,-0.9785524606704712,0.008028751164273368,0.02523350715637207
286849,contrast,2,0.8771311640739441,-0.006718743598215272,0.02443540096282959
286849,color_cast,1,0.14354683458805084,-0.00010963229528768264,-0.004617929458618164
286849,color_cast,2,-0.31958091259002686,0.004789223999211345,0.0155256986618042
289415,gamma,1,-0.6515206694602966,0.004896096451785809,-0.002897500991821289
289415,gamma,2,-0.03161006048321724,0.0002474255085576806,0.0317995548248291
289415,contrast,1,-0.559723436832428,0.0008392513321065399,0.0018391609191894531
289415,contrast,2,0.8422256708145142,-0.005281022486619075,0.003465414047241211
289415,color_cast,1,-0.5493479371070862,0.004143623268450409,-0.01383364200592041
289415,color_cast,2,-0.2833447754383087,0.0014815215802603092,-0.07398462295532227
292155,gamma,1,-0.6529024839401245,0.0066197260021775926,0.020794570446014404
292155,gamma,2,-0.7266742587089539,0.008723516286841019,-0.012411385774612427
292155,contrast,1,0.086638905107975,-0.0003450250310853935,-0.0036332011222839355
292155,contrast,2,0.6603377461433411,-0.002442832866044964,0.026248544454574585
292155,color_cast,1,-0.9589366316795349,0.004243320445702944,0.012258559465408325
292155,color_cast,2,-0.35316190123558044,0.000727107885087245,0.00678667426109314
295420,gamma,1,0.7390919923782349,-0.0028856375488135067,-0.01870107650756836
295420,gamma,2,0.406296968460083,-0.007161388047928554,-3.916025161743164e-05
295420,contrast,1,-0.16598577797412872,0.00018334253617025999,0.0007933676242828369
295420,contrast,2,-0.49550172686576843,0.0027747903789359196,0.0169544517993927
295420,color_cast,1,-0.013062968850135803,1.569781520294432e-05,0.015043914318084717
295420,color_cast,2,-0.09062962979078293,0.00014799463901941568,-0.00244179368019104
297681,gamma,1,-0.6902488470077515,0.00034049505223444687,0.009725727140903473
297681,gamma,2,-0.21354545652866364,0.00011906267506828845,-0.0006628334522247314
297681,contrast,1,0.6364511847496033,-0.00013145956569189944,-0.0015669167041778564
297681,contrast,2,-0.7552903890609741,0.00037879212178166307,0.008924141526222229
297681,color_cast,1,0.03323660045862198,-1.0056652208609426e-05,0.004663065075874329
297681,color_cast,2,0.5198699235916138,-0.00021678319850100184,0.017613768577575684
301376,gamma,1,-0.41996103525161743,0.005371674104903615,-0.0037642717361450195
301376,gamma,2,-0.08086114376783371,0.0001976555637044273,0.033387184143066406
301376,contrast,1,-0.05761496722698212,0.0002501980474534878,-0.04079413414001465
301376,contrast,2,-0.3633580505847931,0.004613198413315098,-0.039539337158203125
301376,color_cast,1,0.052297476679086685,-0.00012556572530865695,0.027707815170288086
301376,color_cast,2,0.8028889894485474,-0.0009865752724565414,-0.07015097141265869
302760,gamma,1,-0.3628877103328705,0.0001743059637912595,0.00912398099899292
302760,gamma,2,-0.7843558192253113,0.0003003162478640391,0.008612111210823059
302760,contrast,1,0.7462260127067566,-0.0004386966025456617,-0.008952125906944275
302760,contrast,2,0.7702970504760742,-0.0008000356947156149,-9.63062047958374e-05
302760,color_cast,1,0.8784707188606262,-0.00035164062580665787,-0.006133429706096649
302760,color_cast,2,0.38740935921669006,-0.0001154244775881534,0.0018056854605674744
308793,gamma,1,-0.7210487723350525,0.002544036356543562,0.006418466567993164
308793,gamma,2,-0.4386945366859436,0.002361314128517268,0.026327908039093018
308793,contrast,1,-0.3546777367591858,0.004502917586310928,0.010439038276672363
308793,contrast,2,-0.4761340618133545,0.012343551295949046,-0.008732438087463379
308793,color_cast,1,0.10579120367765427,-0.00022728938276129018,0.008206784725189209
308793,color_cast,2,0.39960289001464844,-0.0011762479905549738,0.011286675930023193
309964,gamma,1,0.7769083380699158,-0.0018425875436137136,-0.003800123929977417
309964,gamma,2,0.257781982421875,-0.00046136031001143413,0.03651595115661621
309964,contrast,1,-0.2866049110889435,0.00041280908299780685,-0.0402907133102417
309964,contrast,2,-0.7267448902130127,0.00183884196922747,0.020199716091156006
309964,color_cast,1,0.040001317858695984,-0.0001341157457822836,0.0012750625610351562
309964,color_cast,2,-0.3981756865978241,0.0006613551794781462,0.009240180253982544
311950,gamma,1,-0.7511335611343384,0.010488151883301681,0.0034539997577667236
311950,gamma,2,-0.8386752009391785,0.033806296677800496,-0.019880205392837524
311950,contrast,1,-0.6148430705070496,0.004417666161709996,0.024218901991844177
311950,contrast,2,-0.7958918213844299,0.00564128196350665,0.008258983492851257
311950,color_cast,1,-0.34489065408706665,0.0015146807833962652,0.018216103315353394
311950,color_cast,2,-0.42538103461265564,0.0005146569256721772,0.005596384406089783
314294,gamma,1,0.7647886276245117,-0.0014305711444822164,0.0018030256032943726
314294,gamma,2,0.19032913446426392,-0.0005537451308013436,-0.005952924489974976
314294,contrast,1,0.758367121219635,-0.0018353658169077609,0.007057443261146545
314294,contrast,2,0.8328611254692078,-0.005997277028196156,-0.0006844401359558105
314294,color_cast,1,0.7946289777755737,-0.00022748970752492953,0.007956378161907196
314294,color_cast,2,-0.11926351487636566,6.931265795016538e-05,0.008236795663833618
317024,gamma,1,0.2861534059047699,-6.97213901699229e-05,-0.0005236342549324036
317024,gamma,2,0.551671028137207,-0.00035337423623102806,0.0002472400665283203
317024,contrast,1,0.4701957702636719,-5.881136747237117e-05,0.0014297440648078918
317024,contrast,2,-0.29262301325798035,2.0154622290709607e-05,0.000744551420211792
317024,color_cast,1,-0.27506959438323975,2.4161401183149423e-05,0.0004086531698703766
317024,color_cast,2,0.30809080600738525,-4.2225369640159006e-05,-0.00034269317984580994
321333,gamma,1,0.1873316913843155,-0.00019920232381796037,0.008132189512252808
321333,gamma,2,-0.41490259766578674,0.00041268095255687784,-0.008998572826385498
321333,contrast,1,0.7358351349830627,-0.00030189916588064906,-0.00022551417350769043
321333,contrast,2,-0.7461501955986023,0.0036359245490042006,0.013111889362335205
321333,color_cast,1,-0.06436630338430405,0.00013991847037647396,0.004612147808074951
321333,color_cast,2,-0.20129995048046112,0.00022788396901983834,0.013495594263076782
336587,gamma,1,0.45340871810913086,-0.0012712193425233832,0.005034506320953369
336587,gamma,2,0.5339499115943909,-0.001192924636659375,0.004786491394042969
336587,contrast,1,0.10832268744707108,-0.002580536340772606,0.004035085439682007
336587,contrast,2,0.7547758221626282,-0.0023669398633512626,0.002088487148284912
336587,color_cast,1,-0.0058303698897361755,2.1264665675188676e-05,0.0033266544342041016
336587,color_cast,2,0.5641728639602661,-0.0015456893320418446,-0.009531915187835693
343706,gamma,1,-0.3126872181892395,0.001444880812798713,0.013989835977554321
343706,gamma,2,-0.3059479892253876,0.0007253422413115176,0.0034776926040649414
343706,contrast,1,0.16316184401512146,-0.0006144666696034916,-0.01615452766418457
343706,contrast,2,-0.6457787156105042,0.0005061430248578092,0.003397136926651001
343706,color_cast,1,0.23865923285484314,-0.000421322870830014,0.007046759128570557
343706,color_cast,2,-0.02381918765604496,0.00010435192300742233,0.010944098234176636
345252,gamma,1,-0.47768858075141907,0.0005655528049066117,-0.016150623559951782
345252,gamma,2,-0.2815929353237152,0.00043798748330512946,0.014192640781402588
345252,contrast,1,-0.5814263224601746,0.0019407561623203445,-0.010298550128936768
345252,contrast,2,-0.7063767313957214,0.00922012525462519,-0.004580438137054443
345252,color_cast,1,-0.4508248269557953,0.0003976901901157383,0.0011616945266723633
345252,color_cast,2,-0.3954974412918091,0.00017981486622570126,0.007535159587860107
348481,gamma,1,0.3456245958805084,-0.0005619959107009909,0.01198422908782959
348481,gamma,2,-0.19638921320438385,0.00032498856515770575,-0.019013047218322754
348481,contrast,1,-0.0024887423496693373,1.7023735222493343e-05,0.023027360439300537
348481,contrast,2,-0.3306829333305359,0.001737376485111468,0.04100382328033447
348481,color_cast,1,-0.8243659734725952,0.0026932369930862316,-1.9311904907226562e-05
348481,color_cast,2,-0.704087495803833,0.001986969580843215,5.424022674560547e-06
351810,gamma,1,0.3267367482185364,-0.00223456835300417,-0.031198740005493164
351810,gamma,2,-0.47264203429222107,0.007919598997148681,0.07971906661987305
351810,contrast,1,0.5297152400016785,-0.003894162936838476,-0.12966537475585938
351810,contrast,2,-0.2679295241832733,0.0018562872984078727,-0.020992517471313477
351810,color_cast,1,0.266949325799942,-0.0007913777348783274,0.012547492980957031
351810,color_cast,2,-0.38912880420684814,0.0008355130765338582,0.06085360050201416
352900,gamma,1,0.9160180687904358,-0.0024600082791860008,0.017210304737091064
352900,gamma,2,0.2824742794036865,-0.001124596956345485,-0.026313185691833496
352900,contrast,1,-0.9428440928459167,0.011175033324377907,0.04426264762878418
352900,contrast,2,-0.7216760516166687,0.0016365799094960694,0.02279752492904663
352900,color_cast,1,-0.13512465357780457,0.0001189748740905586,0.0030874013900756836
352900,color_cast,2,0.8515017032623291,-0.008977634255792556,0.012661278247833252
355817,gamma,1,0.35452404618263245,-0.0008654787039484328,-0.003534764051437378
355817,gamma,2,0.5713010430335999,-0.0009590322443968875,0.029253482818603516
355817,contrast,1,0.26358872652053833,-0.0006819907137378262,-0.03379896283149719
355817,contrast,2,-0.16424517333507538,0.0005173886720320377,0.01529693603515625
355817,color_cast,1,0.18086129426956177,-0.0002542998860664883,-0.01350855827331543
355817,color_cast,2,0.07286857068538666,-3.9778838076471344e-05,-0.03650972247123718
359219,gamma,1,0.38239192962646484,-0.0005401211112700106,-0.009434640407562256
359219,gamma,2,0.695242702960968,-0.0004275750893449532,0.034173548221588135
359219,contrast,1,0.09746414422988892,-0.00018094824903556913,0.005378007888793945
359219,contrast,2,0.5835472345352173,-0.007432344052497947,-0.0075827836990356445
359219,color_cast,1,-0.06823481619358063,1.3285269723853182e-05,0.006023228168487549
359219,color_cast,2,0.0536278672516346,-2.441873543095898e-05,-0.011689335107803345
360097,gamma,1,0.453113853931427,-0.033278005386676406,0.020554542541503906
360097,gamma,2,0.09915143996477127,-0.0049506858283209975,0.03856015205383301
360097,contrast,1,-0.8348075747489929,0.01833020250141298,-0.04907500743865967
360097,contrast,2,0.7963989973068237,-0.02152266006721392,-0.039742112159729004
360097,color_cast,1,0.0620824359357357,-0.00023715868306915176,-0.0059661865234375
360097,color_cast,2,-0.335297554731369,0.001215650166737918,0.006890296936035156
361551,gamma,1,0.3923007845878601,-0.0006045379747603042,-0.08543097972869873
361551,gamma,2,0.23798829317092896,-0.000548289056332545,0.00042623281478881836
361551,contrast,1,-0.686373233795166,0.002937523615926815,-0.05287986993789673
361551,contrast,2,-0.1101205050945282,0.0003738920923042913,0.042558908462524414
361551,color_cast,1,0.14081989228725433,-0.00015774882012463168,0.03907060623168945
361551,color_cast,2,0.6792188882827759,-0.0008094519649441981,0.019357502460479736
361586,gamma,1,-0.02414243295788765,0.000340727108309017,0.06566226482391357
361586,gamma,2,-0.12784607708454132,0.002647648821458758,0.08780503273010254
361586,contrast,1,0.972307026386261,-0.017289604401819977,-0.0008302927017211914
361586,contrast,2,0.4656786024570465,-0.009856815595041596,-0.08892881870269775
361586,color_cast,1,0.12312982231378555,-0.0005376494227211577,0.018216848373413086
361586,color_cast,2,0.10744036734104156,-0.0004786127056808535,-0.013495564460754395
365208,gamma,1,0.6890339851379395,-0.0068891702181820115,-0.043490052223205566
365208,gamma,2,0.9065648317337036,-0.00553062887083608,-0.04062843322753906
365208,contrast,1,-0.26425352692604065,0.005692528542271442,0.0043444037437438965
365208,contrast,2,0.0009105521603487432,-3.947058926021853e-06,-0.05575203895568848
365208,color_cast,1,0.8708713054656982,-0.005588896369022078,0.006097316741943359
365208,color_cast,2,-0.06597836315631866,0.00018218744291219007,-0.007563948631286621
365886,gamma,1,0.6760398745536804,-0.0013084415541315744,0.014219477772712708
365886,gamma,2,0.912962019443512,-0.003130181338183619,0.01136849820613861
365886,contrast,1,0.8303369879722595,-0.0034534157652946007,-0.020847618579864502
365886,contrast,2,0.01674778386950493,-2.6710071078049408e-05,-0.0022479891777038574
365886,color_cast,1,0.828666627407074,-0.0015464823626552754,-0.0050420016050338745
365886,color_cast,2,-0.22549955546855927,0.00030193692972312183,0.005236774682998657
369323,gamma,1,-0.16703718900680542,0.00043382362482085257,-0.0019577741622924805
369323,gamma,2,-0.024866905063390732,6.599682644405774e-05,-0.0027559995651245117
369323,contrast,1,0.27593857049942017,-0.011023573936789663,-0.0034935474395751953
369323,contrast,2,-0.5322553515434265,0.02107845574087152,0.04582929611206055
369323,color_cast,1,0.1369832456111908,-0.0005315066107511819,-0.011310338973999023
369323,color_cast,2,-0.3476724922657013,0.003166848400373299,-0.007508754730224609
369442,gamma,1,0.9479845762252808,-0.0012351143030281343,0.04733991622924805
369442,gamma,2,0.6205868721008301,-0.0004941390596995438,-0.014273285865783691
369442,contrast,1,-0.4360869228839874,0.000561191354363217,-0.02490752935409546
369442,contrast,2,-0.7105579376220703,0.0033209514218639235,0.06928789615631104
369442,color_cast,1,-0.10321781039237976,0.00015120424399717514,0.04769325256347656
369442,color_cast,2,0.3375489115715027,-0.0005505516648872998,-0.03128772974014282
378244,gamma,1,0.7264551520347595,-0.0040531389348224985,-0.010390236973762512
378244,gamma,2,0.8945910334587097,-0.00543815815539582,0.01749931275844574
378244,contrast,1,0.013970003463327885,-1.1371023211999939e-05,0.008079499006271362
378244,contrast,2,-0.1287400722503662,5.4965395417668714e-05,0.005133375525474548
378244,color_cast,1,-0.31944331526756287,0.00035125727080376673,0.00506940484046936
378244,color_cast,2,0.9126676321029663,-0.002592312242989128,-0.015002906322479248
382088,gamma,1,0.3842167556285858,-4.785269906538027e-05,-0.005708333104848862
382088,gamma,2,0.15981096029281616,-1.835389940441892e-05,-0.0019073151051998138
382088,contrast,1,0.21119067072868347,-0.00011945107450193251,-0.004895392805337906
382088,contrast,2,0.8620126843452454,-0.0005915604959866436,-0.006760451942682266
382088,color_cast,1,0.35771799087524414,-5.3481281220290725e-05,-0.004135433584451675
382088,color_cast,2,0.2668057978153229,-1.9162312836773543e-05,-0.00014701485633850098
389804,gamma,1,-0.11613499373197556,0.0006846320012775829,0.01993723213672638
389804,gamma,2,0.49259158968925476,-0.0009964028365045798,-0.02069762349128723
389804,contrast,1,0.13357412815093994,-0.00021454713620344375,0.00044561922550201416
389804,contrast,2,0.24698854982852936,-0.0011446927897560849,-0.0085735023021698
389804,color_cast,1,0.1917518675327301,-0.0002468727265506525,-0.012935638427734375
389804,color_cast,2,0.2502380609512329,-0.00028968216112088506,-0.001344054937362671
396580,gamma,1,0.23430147767066956,-0.00016234069773590835,0.000707775354385376
396580,gamma,2,-0.3194938898086548,9.37180594627196e-05,0.0027821213006973267
396580,contrast,1,0.7897347211837769,-0.002060982136329313,-0.0028978288173675537
396580,contrast,2,0.8610374927520752,-0.014272797697820151,-0.011165082454681396
396580,color_cast,1,-0.12621188163757324,4.042254879462887e-05,0.0038218647241592407
396580,color_cast,2,-0.10538061708211899,7.729353944643851e-05,-0.0049724578857421875
398438,gamma,1,0.7955079674720764,-0.005274160472291681,0.015003621578216553
398438,gamma,2,0.777416467666626,-0.0042318570676196324,0.0054493248462677
398438,contrast,1,0.9501213431358337,-0.0024909451611469227,0.0029150545597076416
398438,contrast,2,0.9083492755889893,-0.00511837054274782,-0.008586138486862183
398438,color_cast,1,0.590073823928833,-0.000735252299391615,0.013254106044769287
398438,color_cast,2,-0.6065145134925842,0.0013007120010257796,-0.005175352096557617
403122,gamma,1,-0.09829147905111313,5.354175623402922e-05,-0.03991216421127319
403122,gamma,2,-0.8337384462356567,0.002033555357267798,-0.010310947895050049
403122,contrast,1,-0.4109273850917816,0.000833727089924389,0.026955366134643555
403122,contrast,2,0.6985058784484863,-0.001192919765220989,-0.0032653212547302246
403122,color_cast,1,0.6310358047485352,-0.000945601094087171,-0.0201452374458313
403122,color_cast,2,0.30644112825393677,-0.00041841164508451666,-0.02013838291168213
403817,gamma,1,0.7657361626625061,-0.001257581179599923,-0.006003886461257935
403817,gamma,2,0.4940773546695709,-0.0007662397001765017,0.003173828125
403817,contrast,1,-0.7168642282485962,0.0007979371232489367,-0.0016743838787078857
403817,contrast,2,0.8412124514579773,-0.002008480545430978,0.023665934801101685
403817,color_cast,1,0.8683072924613953,-0.0011157195602811713,-0.001577526330947876
403817,color_cast,2,0.728568971157074,-0.0016216263853176338,-0.01877892017364502
409268,gamma,1,0.06873487681150436,-0.00011949217739572958,-0.007303990423679352
409268,gamma,2,0.1739039123058319,-0.00011339227193692186,0.001814626157283783
409268,contrast,1,0.8270831108093262,-0.004089108110269313,-0.0006708502769470215
409268,contrast,2,0.8571773767471313,-0.0008811915609870801,0.0002683475613594055
409268,color_cast,1,-0.09999356418848038,1.644905735640512e-05,0.0029458999633789062
409268,color_cast,2,0.5463675856590271,-9.787257627166114e-05,-0.005249418318271637
409475,gamma,1,-0.29359111189842224,0.00017093040045397292,0.006810247898101807
409475,gamma,2,0.09352599829435349,-4.356050395142626e-05,0.015452869236469269
409475,contrast,1,0.7373759746551514,-0.0011296594634888555,0.0012766942381858826
409475,contrast,2,0.033717092126607895,-5.391016371342336e-06,-0.00727391242980957
409475,color_cast,1,0.4419178366661072,-0.0005640397611779042,0.0025330185890197754
409475,color_cast,2,0.6809642314910889,-0.0003455561377672471,0.0064758434891700745
411665,gamma,1,0.630219042301178,-0.0012432121286468892,0.014582425355911255
411665,gamma,2,0.8476099371910095,-0.0017811053185303402,0.007905304431915283
411665,contrast,1,0.1266065090894699,-0.0006980016718994006,0.0239180326461792
411665,contrast,2,0.9238322377204895,-0.017981346820926947,-0.01469394564628601
411665,color_cast,1,0.7460299134254456,-0.0014745904495998873,0.007010310888290405
411665,color_cast,2,0.6367202401161194,-0.0027334216470371415,-0.0032599270343780518
416534,gamma,1,-0.3965831696987152,0.00028953662359286714,-0.013000726699829102
416534,gamma,2,0.26069334149360657,-0.001337285521422559,0.01665586233139038
416534,contrast,1,-0.715709388256073,0.0027680244841011177,0.01654338836669922
416534,contrast,2,-0.8032642602920532,0.015327226774519665,0.043466806411743164
416534,color_cast,1,-0.4729952812194824,0.001205603813061759,-0.015584588050842285
416534,color_cast,2,-0.4741726517677307,0.0016547121944481486,0.02084934711456299
416758,gamma,1,0.3676098585128784,-0.0018883636428067285,0.019276410341262817
416758,gamma,2,-0.11882666498422623,0.0008934561055876409,0.0010720491409301758
416758,contrast,1,0.7830567359924316,-0.0166206560558033,-0.0034093856811523438
416758,contrast,2,0.6832617521286011,-0.006374455691265785,0.015736520290374756
416758,color_cast,1,0.7901589274406433,-0.0012782790298026929,-0.024159610271453857
416758,color_cast,2,0.46034178137779236,-0.0004907381720110079,0.01777493953704834
417465,gamma,1,-0.8765981197357178,0.0009443696589332817,-0.005713760852813721
417465,gamma,2,-0.5869674682617188,0.0003805552977709841,-0.01525627076625824
417465,contrast,1,0.6648359298706055,-0.00014581695577814952,0.00013419240713119507
417465,contrast,2,0.9336040019989014,-0.004486456902582578,-0.0004914700984954834
417465,color_cast,1,-0.017284907400608063,6.737137475233668e-06,-0.005702868103981018
417465,color_cast,2,-0.011285419575870037,3.6661699600932207e-06,0.0035986900329589844
419882,gamma,1,0.46596667170524597,-0.0004837969701554002,0.01534801721572876
419882,gamma,2,0.1454707682132721,-0.00010666345923891719,-0.012576937675476074
419882,contrast,1,0.1368233561515808,-0.0009050075360484701,0.02403157949447632
419882,contrast,2,-0.34786534309387207,0.003325675525323182,-0.0302121639251709
419882,color_cast,1,0.7363933324813843,-0.0034620543857308925,-0.0433049201965332
419882,color_cast,2,-0.6986782550811768,0.004939497040539916,0.00921785831451416
424721,gamma,1,0.6483362913131714,-0.0008727217210723405,-0.027246832847595215
424721,gamma,2,0.8013437390327454,-0.0023800020690965523,-0.02479475736618042
424721,contrast,1,0.391690194606781,-0.0005652420303718912,0.006088912487030029
424721,contrast,2,0.7771121263504028,-0.007124867619592114,-0.042214810848236084
424721,color_cast,1,0.7363049983978271,-0.0003183608875043851,-0.006365537643432617
424721,color_cast,2,0.5725858807563782,-0.0019701885849786973,-0.009923160076141357
425226,gamma,1,-0.6835528016090393,0.00898565957955384,4.649162292480469e-06
425226,gamma,2,-0.503730833530426,0.00638470580577348,-0.02066361904144287
425226,contrast,1,-0.17421893775463104,0.0010793910956215114,0.028828144073486328
425226,contrast,2,-0.7379047870635986,0.009119834638370369,0.0443195104598999
425226,color_cast,1,0.06034807488322258,-0.00016486104307508048,0.033228397369384766
425226,color_cast,2,-0.5437073111534119,0.0015548106764327434,-0.013798713684082031
426376,gamma,1,0.8291558623313904,-0.0009733490794179552,-0.002516701817512512
426376,gamma,2,0.16193242371082306,-0.00041173051424600544,-0.008897945284843445
426376,contrast,1,0.6025930047035217,-0.0005947657043973901,0.00021150708198547363
426376,contrast,2,-0.18676941096782684,0.0005344429940556684,0.0026658177375793457
426376,color_cast,1,0.23357519507408142,-0.00027221088008754,0.017243236303329468
426376,color_cast,2,0.11518139392137527,-0.00015388736649929197,-0.00813359022140503
429109,gamma,1,-0.5478671789169312,0.0009993500526554115,-0.0184287428855896
429109,gamma,2,-0.12175913155078888,0.00021823084754814894,-0.01810973882675171
429109,contrast,1,0.04794389009475708,-7.611399095187044e-05,0.03501319885253906
429109,contrast,2,0.7780369520187378,-0.001595019497983899,-0.015254437923431396
429109,color_cast,1,0.2962324917316437,-0.0002545990127932771,-0.001980721950531006
429109,color_cast,2,0.5094683766365051,-0.0005029515991844449,0.005136370658874512
429623,gamma,1,-0.30053940415382385,0.00022281309036155177,-0.010919451713562012
429623,gamma,2,-0.6312007904052734,0.0009766959729044292,0.008458554744720459
429623,contrast,1,-0.5188702940940857,0.0010832339624469362,0.006392717361450195
429623,contrast,2,-0.35843271017074585,0.0035323711510121406,0.005170702934265137
429623,color_cast,1,-0.5749136805534363,0.0005504530182982213,-0.003336876630783081
429623,color_cast,2,0.17908154428005219,-0.0001331823847306386,0.0057943761348724365
438304,gamma,1,0.1646060049533844,-0.0001896982156813174,0.009467095136642456
438304,gamma,2,0.05461738258600235,-0.0002143965987948641,0.005131125450134277
438304,contrast,1,0.8750277161598206,-0.0014531813621453844,0.00714188814163208
438304,contrast,2,0.27128106355667114,-0.0015180347031869146,-0.018174827098846436
438304,color_cast,1,0.7764145135879517,-0.002119423894764614,-0.003026902675628662
438304,color_cast,2,-0.1638433188199997,0.0004436620805999447,-0.031743645668029785
439773,gamma,1,0.22089999914169312,-0.0004992287030670758,0.011508449912071228
439773,gamma,2,-0.22797180712223053,0.001248670276192205,0.00447314977645874
439773,contrast,1,-0.31116777658462524,0.0003266695332323808,-0.01853889226913452
439773,contrast,2,-0.7650915384292603,0.0032027564223670105,0.008131325244903564
439773,color_cast,1,-0.119874007999897,0.00037973131958696037,-0.01010751724243164
439773,color_cast,2,0.7982943058013916,-0.0007099613221533094,0.0034846365451812744
447200,gamma,1,-0.7769439816474915,0.0007515124104163706,-0.014018118381500244
447200,gamma,2,-0.7162229418754578,0.0009202773733993863,0.004541993141174316
447200,contrast,1,0.7466290593147278,-0.0005151535244648004,0.0024962425231933594
447200,contrast,2,0.3100868761539459,-0.00010872529987197676,0.01480141282081604
447200,color_cast,1,0.023722069337964058,-1.230383834021423e-05,0.02415478229522705
447200,color_cast,2,-0.3508543074131012,5.002063657111012e-05,0.001888871192932129
451090,gamma,1,-0.3310755491256714,7.778982986636214e-05,-0.001551993191242218
451090,gamma,2,-0.07568267732858658,6.14981998245627e-05,0.0018395483493804932
451090,contrast,1,-0.5330750346183777,0.0004612473294058001,0.005310527980327606
451090,contrast,2,0.4631260931491852,-0.0004404450946480494,0.0024802908301353455
451090,color_cast,1,0.47378796339035034,-0.000289939076617462,0.004532754421234131
451090,color_cast,2,0.24490304291248322,-0.00015692393699001607,0.007473006844520569
451155,gamma,1,-0.5854494571685791,0.002863220272937796,0.00024506449699401855
451155,gamma,2,-0.7408214211463928,0.006160014624800757,-0.007853090763092041
451155,contrast,1,-0.7329680323600769,0.004572581207001857,-0.019246160984039307
451155,contrast,2,-0.5984095335006714,0.002870664279703417,0.005849480628967285
451155,color_cast,1,-0.9386079907417297,0.0004601154985202045,0.006846189498901367
451155,color_cast,2,-0.8309489488601685,0.0013533448808734985,0.02843451499938965
451714,gamma,1,0.38784658908843994,-0.001566591068415954,-0.012522995471954346
451714,gamma,2,-0.19875934720039368,0.0003499478948058233,0.027212083339691162
451714,contrast,1,0.25389474630355835,-0.0029325240195750644,-0.020155131816864014
451714,contrast,2,-0.19544509053230286,0.001457279622131028,0.03015071153640747
451714,color_cast,1,-0.5010600090026855,0.0009438774274137512,0.016733407974243164
451714,color_cast,2,-0.41459712386131287,0.0013391682266996581,0.004873812198638916
455301,gamma,1,-0.35052844882011414,0.0004657619599005803,0.011246860027313232
455301,gamma,2,0.3418687880039215,-0.0003998638718381532,-0.001322925090789795
455301,contrast,1,0.9382147789001465,-0.002360156097843255,0.030405282974243164
455301,contrast,2,0.21525150537490845,-0.0005865807003363113,0.04055100679397583
455301,color_cast,1,0.26406893134117126,-0.0013015071732024183,0.016918718814849854
455301,color_cast,2,0.8250295519828796,-0.001288613916043538,0.01527029275894165
460841,gamma,1,0.8028320074081421,-0.01480658913803824,0.008991003036499023
460841,gamma,2,0.7032703161239624,-0.007752246283083889,-0.01728188991546631
460841,contrast,1,0.7823212742805481,-0.005342053057441781,0.009891033172607422
460841,contrast,2,0.0857529565691948,-0.004146383427849594,-0.0041713714599609375
460841,color_cast,1,-0.6839808821678162,0.005508679056714261,0.037433743476867676
460841,color_cast,2,0.5447626113891602,-0.005221197192157275,-0.011215448379516602
462031,gamma,1,-0.14656966924667358,0.002342463428786384,-0.03674307465553284
462031,gamma,2,-0.3578653633594513,0.001373480319836192,-0.03692010045051575
462031,contrast,1,-0.2760857939720154,0.004178751219545931,0.07049626111984253
462031,contrast,2,0.23872746527194977,-0.0020990624821720597,-0.0034973621368408203
462031,color_cast,1,0.5571963787078857,-0.00632115685578209,-0.016880393028259277
462031,color_cast,2,0.9001501798629761,-0.014390926132995405,-0.03988441824913025
463802,gamma,1,0.3206031322479248,-0.0005923608047880176,-0.05118808150291443
463802,gamma,2,-0.12265374511480331,0.0004194804438550061,-0.016551047563552856
463802,contrast,1,0.7764058113098145,-0.007358106657214574,-0.02095973491668701
463802,contrast,2,0.6356267929077148,-0.0015758496942579999,-0.00872337818145752
463802,color_cast,1,-0.29519692063331604,0.00031189658424266286,0.008609116077423096
463802,color_cast,2,-0.1164790540933609,0.00019552276073254795,0.02495071291923523
466156,gamma,1,-0.49988317489624023,0.0012718909241073101,-0.0008517801761627197
466156,gamma,2,0.030046939849853516,-0.00015603273308710254,-0.0005791187286376953
466156,contrast,1,0.5859885215759277,-0.004568649381454204,0.010856419801712036
466156,contrast,2,0.9122629761695862,-0.012344127591661994,-0.015711665153503418
466156,color_cast,1,0.32603779435157776,-0.0016180138777227644,-0.0022669434547424316
466156,color_cast,2,0.8341872692108154,-0.004528084350632599,-0.04692274332046509
471567,gamma,1,-0.12600356340408325,0.001731195749688829,0.033262550830841064
471567,gamma,2,-0.35956835746765137,0.003242922315184993,0.05096840858459473
471567,contrast,1,0.24233123660087585,-0.005832526377912187,-0.0009461641311645508
471567,contrast,2,-0.5161179304122925,0.0070590583909901404,0.0874483585357666
471567,color_cast,1,0.5175145864486694,-0.006939628191806782,-0.025047659873962402
471567,color_cast,2,0.6562832593917847,-0.022345902036306986,-0.04366171360015869
474170,gamma,1,-0.1733027696609497,0.000189258433604102,0.011261522769927979
474170,gamma,2,0.642049252986908,-0.0005184440098130079,-0.0011189132928848267
474170,contrast,1,0.26340359449386597,-0.00014949137002096645,-0.021864846348762512
474170,contrast,2,-0.7814599871635437,0.002635740672939209,-0.002496868371963501
474170,color_cast,1,0.3715270161628723,-7.719236264032967e-05,0.008978188037872314
474170,color_cast,2,0.17351782321929932,-3.7656676790379165e-05,-0.004553124308586121
474452,gamma,1,0.4674571752548218,-0.0006381772763068018,-0.023090600967407227
474452,gamma,2,0.5254164934158325,-0.000985333478021943,-0.00019800662994384766
474452,contrast,1,0.7307266592979431,-0.001578645594681666,-0.00032192468643188477
474452,contrast,2,0.21987302601337433,-0.0007771403831712681,0.01721334457397461
474452,color_cast,1,0.829888641834259,-0.0018130873009490256,-0.006640613079071045
474452,color_cast,2,0.5503433346748352,-0.0007340843083635945,-0.002897918224334717
475365,gamma,1,0.4685805141925812,-0.0004884859006519443,0.008371725678443909
475365,gamma,2,0.4430646002292633,-0.0005560467195974442,0.0012386292219161987
475365,contrast,1,0.5498183369636536,-0.0006495725721723349,-0.006606675684452057
475365,contrast,2,-0.3329439163208008,0.0004983156277545139,-0.0010036379098892212
475365,color_cast,1,0.44883835315704346,-0.00021803519562722218,0.007965773344039917
475365,color_cast,2,-0.3807673752307892,0.0002114478342638361,0.0004209578037261963
477623,gamma,1,0.7979465126991272,-0.0006258528351595101,0.024619296193122864
477623,gamma,2,0.018423184752464294,-3.940595299823968e-06,0.00013628602027893066
477623,contrast,1,0.704656183719635,-0.0016274841287383535,-0.04422402381896973
477623,contrast,2,0.008308131247758865,-2.202440086875729e-06,0.010480016469955444
477623,color_cast,1,-0.027924533933401108,3.509082769210833e-05,-0.034837640821933746
477623,color_cast,2,0.6768510341644287,-0.00015869314425543426,0.0016841068863868713
482100,gamma,1,0.709327757358551,-0.014634189847514174,0.011804342269897461
482100,gamma,2,0.5348158478736877,-0.009492863591272799,-0.08257883787155151
482100,contrast,1,0.8889673352241516,-0.020731540457773978,-0.016660332679748535
482100,contrast,2,0.9779263138771057,-0.007605980723210956,-0.017107725143432617
482100,color_cast,1,-0.8585926294326782,0.006746033134354918,-0.012278616428375244
482100,color_cast,2,-0.45928889513015747,0.0026560577499384376,0.005327761173248291
489091,gamma,1,0.24518398940563202,-0.00015934555918310864,0.022497355937957764
489091,gamma,2,0.04810119792819023,-8.807824867175258e-06,0.012448281049728394
489091,contrast,1,-0.4215649366378784,0.0002981881639592956,0.0024649351835250854
489091,contrast,2,-0.5744838714599609,0.007972248930674481,0.020037606358528137
489091,color_cast,1,-0.06365514546632767,4.140207905248116e-05,0.006427302956581116
489091,color_cast,2,0.45172426104545593,-0.00012108436624499503,0.006490379571914673
499266,gamma,1,-0.4717442989349365,0.002213523250419048,-0.03471270203590393
499266,gamma,2,-0.36367493867874146,0.0026149771008846575,0.017620205879211426
499266,contrast,1,0.32804635167121887,-0.001931751803548422,-0.03793132305145264
499266,contrast,2,-0.3938854932785034,0.003882676465658157,0.0027410387992858887
499266,color_cast,1,-0.0293695367872715,0.0001610308386565007,0.0011316239833831787
499266,color_cast,2,-0.01060026790946722,1.560147857402436e-05,0.006878197193145752
499313,gamma,1,-0.1806640774011612,0.0002670348856891732,0.01263350248336792
499313,gamma,2,0.525466799736023,-0.0007806832062528009,-0.004636108875274658
499313,contrast,1,0.7711188197135925,-0.0014334748566790486,-0.016219675540924072
499313,contrast,2,0.7158636450767517,-0.0030500028193886303,0.0015103816986083984
499313,color_cast,1,0.12080661207437515,-0.00019458648339086101,0.0038391947746276855
499313,color_cast,2,0.5731140971183777,-0.0006748915168562976,0.006255090236663818
502737,gamma,1,-0.5019239783287048,0.0022699458492608615,-0.0046263933181762695
502737,gamma,2,-0.3353458642959595,0.0016283925071561936,-0.014225184917449951
502737,contrast,1,0.5707244873046875,-0.002634107087539025,-0.07126748561859131
502737,contrast,2,-0.8564541339874268,0.019729498708048156,0.025011122226715088
502737,color_cast,1,-0.7521259188652039,0.0017570941861992186,0.0023275017738342285
502737,color_cast,2,0.23311008512973785,-0.00044880461476718634,0.014280259609222412
506310,gamma,1,0.36791345477104187,-0.00152885554182771,0.008449375629425049
506310,gamma,2,0.30306071043014526,-0.00031466966107020753,0.02861863374710083
506310,contrast,1,0.6126549243927002,-0.0003573194011885611,-0.00092315673828125
506310,contrast,2,0.7859322428703308,-0.0018076073142072658,0.0007333159446716309
506310,color_cast,1,0.615419864654541,-0.0063536267593828,-0.025845110416412354
506310,color_cast,2,0.47121739387512207,-0.005545540554679202,-0.01809448003768921
507042,gamma,1,0.2542724311351776,-0.0002149399236664949,0.022305428981781006
507042,gamma,2,0.4835319519042969,-0.0005013570596859311,-0.015608489513397217
507042,contrast,1,-0.3258889317512512,0.0004930962920845313,-0.00205346941947937
507042,contrast,2,-0.09230868518352509,7.589583408071505e-05,0.00029796361923217773
507042,color_cast,1,-0.6530866622924805,0.0020600071363282963,-0.010673940181732178
507042,color_cast,2,-0.6742168068885803,0.0008502087101929838,-0.020923316478729248
509258,gamma,1,0.23751850426197052,-0.00029199385175904344,-0.01804530620574951
509258,gamma,2,0.3472103774547577,-0.00024618169663660793,-0.006974115967750549
509258,contrast,1,0.4294328987598419,-0.0007320730678075757,-0.013728231191635132
509258,contrast,2,0.7022538185119629,-0.00046413821854425307,-0.0038830935955047607
509258,color_cast,1,-0.49381133913993835,0.0005223486844183508,-0.007378369569778442
509258,color_cast,2,0.8644514679908752,-0.0007850071131037836,0.0034942626953125
511760,gamma,1,0.7620482444763184,-0.007303548698176933,-0.023030906915664673
511760,gamma,2,0.5359619855880737,-0.0024554407739623973,0.006468981504440308
511760,contrast,1,0.27345725893974304,-0.0007015063443094994,-0.01791396737098694
511760,contrast,2,0.4308396875858307,-0.007344413701038032,-0.009984105825424194
511760,color_cast,1,-0.011885934509336948,0.00013443964433815307,-0.012311697006225586
511760,color_cast,2,0.560065746307373,-0.008011667515649393,0.009282350540161133
514979,gamma,1,-0.47737744450569153,0.0005292680636028191,-0.004814505577087402
514979,gamma,2,-0.3491383492946625,0.0007589070022658703,-0.012371912598609924
514979,contrast,1,0.15140391886234283,-0.00018192557319070867,0.003472432494163513
514979,contrast,2,0.9437487125396729,-0.0015022966160410456,0.008232057094573975
514979,color_cast,1,0.736822247505188,-0.000680994101958656,0.0006393492221832275
514979,color_cast,2,0.8028826713562012,-0.0021301344719858073,-0.009962141513824463
523782,gamma,1,-0.9010574817657471,0.001455940959355112,-0.005836516618728638
523782,gamma,2,-0.8161801099777222,0.0008804144614459006,-0.02679315209388733
523782,contrast,1,-0.13909387588500977,0.0005016810557084143,0.006617844104766846
523782,contrast,2,0.7078356146812439,-0.0029815026193099913,-0.011748552322387695
523782,color_cast,1,-0.49967601895332336,0.0005032302948194751,0.00934329628944397
523782,color_cast,2,-0.7134356498718262,0.0020962869864455643,-0.011423587799072266
532058,gamma,1,-0.8217829465866089,0.00971922086133518,-0.007013916969299316
532058,gamma,2,-0.4425385296344757,0.003785592382616195,0.007208406925201416
532058,contrast,1,-0.26151615381240845,0.0016581973251534729,0.018183380365371704
532058,contrast,2,-0.18521755933761597,0.003596169554616296,0.000899970531463623
532058,color_cast,1,0.15984462201595306,-0.00025729732602826144,-0.003671616315841675
532058,color_cast,2,0.20504723489284515,-0.00011864547413522244,-0.009359508752822876
535523,gamma,1,0.10388083010911942,-0.0012570839364053233,0.01962113380432129
535523,gamma,2,-0.3252938389778137,0.004038659892647384,-0.014984607696533203
535523,contrast,1,0.034003593027591705,-0.0005553330143079322,-0.0027823448181152344
535523,contrast,2,-0.12362836301326752,0.0018065878027285884,0.029491424560546875
535523,color_cast,1,0.08363315463066101,-0.0019048661891826373,0.003382444381713867
535523,color_cast,2,-0.2817034125328064,0.0015000631609574234,0.016608476638793945
535578,gamma,1,0.4421059787273407,-0.00030136020311187105,0.0046482086181640625
535578,gamma,2,0.032958146184682846,-1.6310447489462e-05,0.021374821662902832
535578,contrast,1,0.6678168773651123,-0.0036485622086068446,-0.005192279815673828
535578,contrast,2,-0.23411543667316437,0.0016153509674638198,-0.01155400276184082
535578,color_cast,1,0.7107145190238953,-0.0009243304132472104,0.017057359218597412
535578,color_cast,2,0.6251307725906372,-0.017741922087495882,-0.04524892568588257
536038,gamma,1,-0.15945260226726532,0.0005149430959360629,0.0019698143005371094
536038,gamma,2,-0.6800357103347778,0.009959458840343794,0.11955195665359497
536038,contrast,1,-0.8052269220352173,0.007017748702746617,0.02345883846282959
536038,contrast,2,0.6392049789428711,-0.007334677204496268,-0.034721434116363525
536038,color_cast,1,-0.49912571907043457,0.0004064750478658262,-0.008762001991271973
536038,color_cast,2,0.317827045917511,-0.0007380239812581638,0.01794588565826416
546219,gamma,1,-0.16155722737312317,0.001120502277043838,-0.15473461151123047
546219,gamma,2,-0.23042993247509003,0.001707726547381358,0.02249622344970703
546219,contrast,1,-0.35585275292396545,0.003375916440208155,0.11341714859008789
546219,contrast,2,-0.6624111533164978,0.005648296626431609,0.01607370376586914
546219,color_cast,1,-0.7993044257164001,0.0005592523996804529,0.033773183822631836
546219,color_cast,2,0.3274678587913513,-0.001010667477710632,0.028675317764282227
546626,gamma,1,0.4815267324447632,-0.0005409730271228333,0.00883212685585022
546626,gamma,2,-0.14114710688591003,0.00032396248195566116,-0.009093642234802246
546626,contrast,1,0.0681999996304512,-0.00012617035242553452,0.007541626691818237
546626,contrast,2,0.8634573221206665,-0.00033333077042700687,-0.0016070306301116943
546626,color_cast,1,0.4032731056213379,-0.0002923908379909307,-0.007124543190002441
546626,color_cast,2,0.4932421147823334,-0.0004926810355594856,-0.004916518926620483
546826,gamma,1,0.5349187254905701,-0.0011849780011817372,0.006919100880622864
546826,gamma,2,0.24207139015197754,-0.0014769384254744223,-0.021417856216430664
546826,contrast,1,-0.32188066840171814,0.0006740768636436665,0.04014921188354492
546826,contrast,2,0.34529075026512146,-0.0010852836995347652,-0.001491650938987732
546826,color_cast,1,0.07309752702713013,-8.114164199659997e-05,-0.0023735612630844116
546826,color_cast,2,-0.3534616529941559,0.00038488224927708077,0.0011805891990661621
549167,gamma,1,-0.6976788640022278,0.007762864743754283,0.023439764976501465
549167,gamma,2,-0.6675524115562439,0.013480598273955376,0.0010963082313537598
549167,contrast,1,-0.7418131828308105,0.0139477429583054,-0.024377942085266113
549167,contrast,2,-0.8240458369255066,0.012287081617513485,0.06196331977844238
549167,color_cast,1,0.8465835452079773,-0.009871799247647426,0.0007842183113098145
549167,color_cast,2,0.5434369444847107,-0.007050441095893672,-0.02909088134765625
555012,gamma,1,0.48574599623680115,-0.0002315443146366467,-0.001466367393732071
555012,gamma,2,0.6847975254058838,-0.0002853021205619413,-0.0003887861967086792
555012,contrast,1,0.21898812055587769,-6.438310648160554e-05,0.007208101451396942
555012,contrast,2,0.3050782382488251,-0.0001326911393895612,0.0026529058814048767
555012,color_cast,1,-0.805851936340332,0.0005447018141621163,-0.003376394510269165
555012,color_cast,2,0.8554487824440002,-0.001001105074244706,0.005800813436508179
556193,gamma,1,-0.4509981572628021,0.005509919994213139,0.00027060508728027344
556193,gamma,2,-0.5910933613777161,0.009068653167925404,0.04589736461639404
556193,contrast,1,-0.25551095604896545,0.0015034868477421784,0.044908761978149414
556193,contrast,2,-0.6440141201019287,0.002784923127814854,0.00493389368057251
556193,color_cast,1,0.12848591804504395,-0.00016736907296321593,-0.006152093410491943
556193,color_cast,2,0.8411391973495483,-0.0027106607795163245,0.03679811954498291
558213,gamma,1,-0.3308049738407135,0.0002568551683660171,-0.00047597289085388184
558213,gamma,2,-0.02710885740816593,5.033010358283562e-05,-0.0009284019470214844
558213,contrast,1,-0.30458566546440125,0.0007281775341228627,0.0015783309936523438
558213,contrast,2,0.32914116978645325,-0.000744173565630147,-0.02655613422393799
558213,color_cast,1,-0.4680720269680023,0.0013001272104859467,-0.0011587142944335938
558213,color_cast,2,0.16477836668491364,-0.00029673661528988255,-0.007747232913970947
562207,gamma,1,-0.9350521564483643,0.0013996968459414224,-0.006386607885360718
562207,gamma,2,0.8550381660461426,-0.0005053180560559158,-0.005608230829238892
562207,contrast,1,-0.3645373582839966,0.00045717050564321286,0.00023245811462402344
562207,contrast,2,-0.49487072229385376,0.0012689839023651863,0.005803883075714111
562207,color_cast,1,0.4076917767524719,-0.0008478178448933643,0.0008714497089385986
562207,color_cast,2,-0.2809080481529236,0.0004060489871314972,-0.021179676055908203
564336,gamma,1,0.7262705564498901,-0.008217726513472917,0.1070396900177002
564336,gamma,2,0.46475473046302795,-0.016725125625109718,0.03487396240234375
564336,contrast,1,0.43611225485801697,-0.009816771654399689,-0.00024330615997314453
564336,contrast,2,-0.6563042402267456,0.006397772662901049,-0.04429638385772705
564336,color_cast,1,-0.6184844374656677,0.005141177349647792,-0.018158316612243652
564336,color_cast,2,-0.7768198847770691,0.0033724899536678927,-0.05890977382659912
565989,gamma,1,0.8183587193489075,-0.019056915840123433,-0.0288468599319458
565989,gamma,2,0.30670028924942017,-0.006242213609651991,-0.004240751266479492
565989,contrast,1,-0.46530547738075256,0.0014102598480893154,-0.021111100912094116
565989,contrast,2,0.7320552468299866,-0.001156873329594636,0.0015496611595153809
565989,color_cast,1,-0.3580121099948883,0.0003050355650838449,0.009283632040023804
565989,color_cast,2,-0.5761073231697083,0.001007270117712587,-0.014191985130310059
567197,gamma,1,0.00648091034963727,-5.731850635528266e-05,0.03470194339752197
567197,gamma,2,-0.3032688498497009,0.0014610813446215107,-0.006744325160980225
567197,contrast,1,0.1997217983007431,-0.0026615369447362354,0.00862574577331543
567197,contrast,2,0.8962159156799316,-0.010845091470389728,-0.013482093811035156
567197,color_cast,1,0.3252679407596588,-0.0024506325037050984,-0.004634857177734375
567197,color_cast,2,0.19735805690288544,-0.001454359177779524,0.0007354021072387695
570448,gamma,1,0.5943935513496399,-0.021591035609212775,-0.006428241729736328
570448,gamma,2,0.2761184573173523,-0.010504113755102013,-0.016359329223632812
570448,contrast,1,-0.2699313163757324,0.013490852419812023,0.04534912109375
570448,contrast,2,-0.4748751223087311,0.006732986705938241,0.022934913635253906
570448,color_cast,1,-0.15101103484630585,0.003819364501067346,-0.007684230804443359
570448,color_cast,2,-0.7706534266471863,0.03871890046594359,0.04927968978881836
570736,gamma,1,-0.5511242151260376,0.0004593456113971514,0.009439796209335327
570736,gamma,2,0.31075310707092285,-0.0002731615172521131,0.00871288776397705
570736,contrast,1,-0.743562638759613,0.0007237884758466731,-0.03190737962722778
570736,contrast,2,0.5818958282470703,-0.0006241559207775737,0.006484493613243103
570736,color_cast,1,0.7603814005851746,-0.000430734803467067,-0.009620308876037598
570736,color_cast,2,0.02350829541683197,-5.9883844565240174e-06,-0.0006090104579925537
