config,group,detector,macro_AP_delta_no_adapt,positive_conditions_no_adapt,clean_AP_delta_no_adapt,macro_AP_delta_full_hybrid,positive_conditions_full_hybrid,clean_AP_delta_full_hybrid
no_adapt,aggregate,source,0.0,0,0.0,0.3353947001843018,4,0.11398014801480283
no_adapt,aggregate,target,0.0,0,0.0,-1.8080766825456607,2,0.340441736481345
no_adapt,aggregate,ssd,0.0,0,0.0,2.188999528059569,4,0.1649755546274223
no_adapt,block_1,source,0.0,0,0.0,0.49350428463899126,3,-1.4552080208020817
no_adapt,block_1,target,0.0,0,0.0,0.13308825254840342,2,-0.1396961558504023
no_adapt,block_1,ssd,0.0,0,0.0,0.18643765860007425,3,0.329951109254846
no_adapt,block_2,source,0.0,0,0.0,0.17739273927392704,2,1.6831683168316847
no_adapt,block_2,target,0.0,0,0.0,-3.7499999999999987,0,0.8168316831683176
no_adapt,block_2,ssd,0.0,0,0.0,4.191561397519061,2,0.0
full_hybrid,aggregate,source,-0.3353947001843018,2,-0.11398014801480283,0.0,0,0.0
full_hybrid,aggregate,target,1.8080766825456607,4,-0.340441736481345,0.0,0,0.0
full_hybrid,aggregate,ssd,-2.188999528059569,1,-0.1649755546274223,0.0,0,0.0
full_hybrid,block_1,source,-0.49350428463899126,2,1.4552080208020817,0.0,0,0.0
full_hybrid,block_1,target,-0.13308825254840342,4,0.1396961558504023,0.0,0,0.0
full_hybrid,block_1,ssd,-0.18643765860007425,2,-0.329951109254846,0.0,0,0.0
full_hybrid,block_2,source,-0.17739273927392704,1,-1.6831683168316847,0.0,0,0.0
full_hybrid,block_2,target,3.7499999999999987,1,-0.8168316831683176,0.0,0,0.0
full_hybrid,block_2,ssd,-4.191561397519061,0,0.0,0.0,0,0.0
clip_norm_high_25,aggregate,source,-0.10347284728472832,1,0.7276040104010395,0.23192185289957346,3,0.8415841584158423
clip_norm_high_25,aggregate,target,-0.017310071451568747,1,0.06797410510281376,-1.8253867539972297,1,0.4084158415841588
clip_norm_high_25,aggregate,ssd,-0.05500681020483058,1,-0.1649755546274223,2.1339927178547384,3,0.0
clip_norm_high_25,block_1,source,-0.2070533181137667,1,1.4552080208020817,0.2864509665252246,2,0.0
clip_norm_high_25,block_1,target,-0.03548017920194819,1,0.1396961558504023,0.09760807334645526,1,0.0
clip_norm_high_25,block_1,ssd,-0.11001362040965983,1,-0.329951109254846,0.07642403819041442,2,0.0
clip_norm_high_25,block_2,source,0.0,0,0.0,0.17739273927392704,2,1.6831683168316847
clip_norm_high_25,block_2,target,0.0,0,0.0,-3.7499999999999987,0,0.8168316831683176
clip_norm_high_25,block_2,ssd,0.0,0,0.0,4.191561397519061,2,0.0
clip_norm_high_50,aggregate,source,-0.19640758718728982,2,0.7276040104010395,0.13898711299701189,3,0.8415841584158423
clip_norm_high_50,aggregate,target,-0.09798505458043227,2,0.06797410510281376,-1.906061737126093,0,0.4084158415841588
clip_norm_high_50,aggregate,ssd,-0.0986670771162726,1,-0.1649755546274223,2.0903324509432966,2,0.0
clip_norm_high_50,block_1,source,-0.3929227979188907,2,1.4552080208020817,0.10058148672010063,1,0.0
clip_norm_high_50,block_1,target,-0.19521172680059098,2,0.1396961558504023,-0.06212347425218756,0,0.0
clip_norm_high_50,block_1,ssd,-0.19733415423254327,1,-0.329951109254846,-0.010896495632469033,0,0.0
clip_norm_high_50,block_2,source,0.0,0,0.0,0.17739273927392704,2,1.6831683168316847
clip_norm_high_50,block_2,target,0.0,0,0.0,-3.7499999999999987,0,0.8168316831683176
clip_norm_high_50,block_2,ssd,0.0,0,0.0,4.191561397519061,2,0.0
clip_norm_high_75,aggregate,source,0.20375742931436114,2,0.7276040104010395,0.5391521294986629,2,0.8415841584158423
clip_norm_high_75,aggregate,target,1.7770149454195676,2,0.06797410510281376,-0.03106173712609332,0,0.4084158415841588
clip_norm_high_75,aggregate,ssd,-2.179937704178979,1,-0.1649755546274223,0.009061823880590162,1,0.0
clip_norm_high_75,block_1,source,-0.3929227979188907,2,1.4552080208020817,0.10058148672010063,1,0.0
clip_norm_high_75,block_1,target,-0.19521172680059098,2,0.1396961558504023,-0.06212347425218756,0,0.0
clip_norm_high_75,block_1,ssd,-0.19733415423254327,1,-0.329951109254846,-0.010896495632469033,0,0.0
clip_norm_high_75,block_2,source,0.8003300330033002,1,0.0,0.9777227722772271,1,1.6831683168316847
clip_norm_high_75,block_2,target,3.7499999999999987,1,0.0,0.0,0,0.8168316831683176
clip_norm_high_75,block_2,ssd,-4.162541254125411,0,0.0,0.029020143393649705,1,0.0
clip_norm_low_25,aggregate,source,-0.05029074336004996,0,-0.8415841584158396,0.28510395682425177,3,-0.7276040104010367
clip_norm_low_25,aggregate,target,0.03106173712609332,2,-0.4084158415841588,-1.7770149454195676,2,-0.06797410510281376
clip_norm_low_25,aggregate,ssd,0.00544824781623469,1,0.0,2.194447775875804,4,0.1649755546274223
clip_norm_low_25,block_1,source,-0.10058148672010063,0,0.0,0.3929227979188907,2,-1.4552080208020817
clip_norm_low_25,block_1,target,0.06212347425218756,2,0.0,0.19521172680059098,2,-0.1396961558504023
clip_norm_low_25,block_1,ssd,0.010896495632469033,1,0.0,0.19733415423254327,3,0.329951109254846
clip_norm_low_25,block_2,source,0.0,0,-1.6831683168316847,0.17739273927392704,2,0.0
clip_norm_low_25,block_2,target,0.0,0,-0.8168316831683176,-3.7499999999999987,0,0.0
clip_norm_low_25,block_2,ssd,0.0,0,0.0,4.191561397519061,2,0.0
clip_norm_low_50,aggregate,source,-0.13898711299701189,1,-0.8415841584158396,0.19640758718728982,2,-0.7276040104010367
clip_norm_low_50,aggregate,target,1.906061737126093,3,-0.4084158415841588,0.09798505458043227,2,-0.06797410510281376
clip_norm_low_50,aggregate,ssd,-2.0903324509432966,0,0.0,0.0986670771162726,3,0.1649755546274223
clip_norm_low_50,block_1,source,-0.10058148672010063,0,0.0,0.3929227979188907,2,-1.4552080208020817
clip_norm_low_50,block_1,target,0.06212347425218756,2,0.0,0.19521172680059098,2,-0.1396961558504023
clip_norm_low_50,block_1,ssd,0.010896495632469033,1,0.0,0.19733415423254327,3,0.329951109254846
clip_norm_low_50,block_2,source,-0.17739273927392704,1,-1.6831683168316847,0.0,0,0.0
clip_norm_low_50,block_2,target,3.7499999999999987,1,-0.8168316831683176,0.0,0,0.0
clip_norm_low_50,block_2,ssd,-4.191561397519061,0,0.0,0.0,0,0.0
clip_norm_low_75,aggregate,source,-0.11077223793807776,1,-0.8415841584158396,0.22462246224622395,2,-0.7276040104010367
clip_norm_low_75,aggregate,target,1.9187833951801458,3,-0.4084158415841588,0.11070671263448499,2,-0.06797410510281376
clip_norm_low_75,aggregate,ssd,-2.0965590246107273,0,0.0,0.09244050344884153,2,0.1649755546274223
clip_norm_low_75,block_1,source,-0.04415173660223191,1,0.0,0.44935254803675945,2,-1.4552080208020817
clip_norm_low_75,block_1,target,0.09079464494068518,3,0.0,0.22388289748908863,2,-0.1396961558504023
clip_norm_low_75,block_1,ssd,-0.001556651702391947,1,0.0,0.18488100689768228,2,0.329951109254846
clip_norm_low_75,block_2,source,-0.17739273927392704,1,-1.6831683168316847,0.0,0,0.0
clip_norm_low_75,block_2,target,3.7499999999999987,1,-0.8168316831683176,0.0,0,0.0
clip_norm_low_75,block_2,ssd,-4.191561397519061,0,0.0,0.0,0,0.0
det_norm_high_25,aggregate,source,0.40016501650165104,1,0.0,0.7355597166859527,4,0.11398014801480283
det_norm_high_25,aggregate,target,1.8749999999999998,1,0.0,0.06692331745433895,2,0.340441736481345
det_norm_high_25,aggregate,ssd,-2.081270627062706,0,0.0,0.10772890099686276,4,0.1649755546274223
det_norm_high_25,block_1,source,0.0,0,0.0,0.49350428463899126,3,-1.4552080208020817
det_norm_high_25,block_1,target,0.0,0,0.0,0.13308825254840342,2,-0.1396961558504023
det_norm_high_25,block_1,ssd,0.0,0,0.0,0.18643765860007425,3,0.329951109254846
det_norm_high_25,block_2,source,0.8003300330033002,1,0.0,0.9777227722772271,1,1.6831683168316847
det_norm_high_25,block_2,target,3.7499999999999987,1,0.0,0.0,0,0.8168316831683176
det_norm_high_25,block_2,ssd,-4.162541254125411,0,0.0,0.029020143393649705,1,0.0
det_norm_high_50,aggregate,source,-0.2098459845984576,1,0.7276040104010395,0.12554871558584416,2,0.8415841584158423
det_norm_high_50,aggregate,target,1.780645074835376,1,0.06797410510281376,-0.027431607710284855,1,0.4084158415841588
det_norm_high_50,aggregate,ssd,-2.1332143920035422,0,-0.1649755546274223,0.05578513605602695,2,0.0
det_norm_high_50,block_1,source,-0.2422992299229927,0,1.4552080208020817,0.2512050547159986,2,0.0
det_norm_high_50,block_1,target,-0.18840271828714042,0,0.1396961558504023,-0.05531446573873699,1,0.0
det_norm_high_50,block_1,ssd,-0.07486738648802248,0,-0.329951109254846,0.11157027211205177,2,0.0
det_norm_high_50,block_2,source,-0.17739273927392704,1,0.0,0.0,0,1.6831683168316847
det_norm_high_50,block_2,target,3.7499999999999987,1,0.0,0.0,0,0.8168316831683176
det_norm_high_50,block_2,ssd,-4.191561397519061,0,0.0,0.0,0,0.0
det_norm_high_75,aggregate,source,-0.11208620862085965,2,-0.11398014801480283,0.2233084915634421,2,0.0
det_norm_high_75,aggregate,target,1.7575205932896,1,-0.340441736481345,-0.05055608925606062,0,0.0
det_norm_high_75,aggregate,ssd,-2.1325268232466663,1,-0.1649755546274223,0.05647270481290249,2,0.0
det_norm_high_75,block_1,source,-0.0435918591859192,1,1.4552080208020817,0.44991242545307214,2,0.0
det_norm_high_75,block_1,target,-0.23527169957508987,0,0.1396961558504023,-0.1021834470266864,0,0.0
det_norm_high_75,block_1,ssd,-0.07349224897427088,1,-0.329951109254846,0.11294540962580335,2,0.0
det_norm_high_75,block_2,source,-0.17739273927392704,1,-1.6831683168316847,0.0,0,0.0
det_norm_high_75,block_2,target,3.7499999999999987,1,-0.8168316831683176,0.0,0,0.0
det_norm_high_75,block_2,ssd,-4.191561397519061,0,0.0,0.0,0,0.0
det_norm_low_25,aggregate,source,-0.022075868301115836,1,0.0,0.31331883188318593,3,0.11398014801480283
det_norm_low_25,aggregate,target,0.0447416791618536,3,0.0,-1.7633350033838073,2,0.340441736481345
det_norm_low_25,aggregate,ssd,-0.0007783258511963783,1,0.0,2.1882212022083727,3,0.1649755546274223
det_norm_low_25,block_1,source,-0.04415173660223191,1,0.0,0.44935254803675945,2,-1.4552080208020817
det_norm_low_25,block_1,target,0.09079464494068518,3,0.0,0.22388289748908863,2,-0.1396961558504023
det_norm_low_25,block_1,ssd,-0.001556651702391947,1,0.0,0.18488100689768228,2,0.329951109254846
det_norm_low_25,block_2,source,0.0,0,0.0,0.17739273927392704,2,1.6831683168316847
det_norm_low_25,block_2,target,0.0,0,0.0,-3.7499999999999987,0,0.8168316831683176
det_norm_low_25,block_2,ssd,0.0,0,0.0,4.191561397519061,2,0.0
det_norm_low_50,aggregate,source,-0.12554871558584416,2,-0.8415841584158396,0.2098459845984576,2,-0.7276040104010367
det_norm_low_50,aggregate,target,0.027431607710284855,4,-0.4084158415841588,-1.780645074835376,1,-0.06797410510281376
det_norm_low_50,aggregate,ssd,-0.05578513605602695,2,0.0,2.1332143920035422,2,0.1649755546274223
det_norm_low_50,block_1,source,-0.2512050547159986,2,0.0,0.2422992299229927,1,-1.4552080208020817
det_norm_low_50,block_1,target,0.05531446573873699,4,0.0,0.18840271828714042,1,-0.1396961558504023
det_norm_low_50,block_1,ssd,-0.11157027211205177,2,0.0,0.07486738648802248,1,0.329951109254846
det_norm_low_50,block_2,source,0.0,0,-1.6831683168316847,0.17739273927392704,2,0.0
det_norm_low_50,block_2,target,0.0,0,-0.8168316831683176,-3.7499999999999987,0,0.0
det_norm_low_50,block_2,ssd,0.0,0,0.0,4.191561397519061,2,0.0
det_norm_low_75,aggregate,source,-0.7355597166859527,2,-0.11398014801480283,-0.40016501650165104,1,0.0
det_norm_low_75,aggregate,target,-0.06692331745433895,4,-0.340441736481345,-1.8749999999999998,0,0.0
det_norm_low_75,aggregate,ssd,-0.10772890099686276,1,-0.1649755546274223,2.081270627062706,1,0.0
det_norm_low_75,block_1,source,-0.49350428463899126,2,1.4552080208020817,0.0,0,0.0
det_norm_low_75,block_1,target,-0.13308825254840342,4,0.1396961558504023,0.0,0,0.0
det_norm_low_75,block_1,ssd,-0.18643765860007425,2,-0.329951109254846,0.0,0,0.0
det_norm_low_75,block_2,source,-0.9777227722772271,0,-1.6831683168316847,-0.8003300330033002,1,0.0
det_norm_low_75,block_2,target,0.0,0,-0.8168316831683176,-3.7499999999999987,0,0.0
det_norm_low_75,block_2,ssd,-0.029020143393649705,0,0.0,4.162541254125411,1,0.0
log_norm_ratio_high_25,aggregate,source,0.40016501650165104,1,0.0,0.7355597166859527,4,0.11398014801480283
log_norm_ratio_high_25,aggregate,target,1.8749999999999998,1,0.0,0.06692331745433895,2,0.340441736481345
log_norm_ratio_high_25,aggregate,ssd,-2.081270627062706,0,0.0,0.10772890099686276,4,0.1649755546274223
log_norm_ratio_high_25,block_1,source,0.0,0,0.0,0.49350428463899126,3,-1.4552080208020817
log_norm_ratio_high_25,block_1,target,0.0,0,0.0,0.13308825254840342,2,-0.1396961558504023
log_norm_ratio_high_25,block_1,ssd,0.0,0,0.0,0.18643765860007425,3,0.329951109254846
log_norm_ratio_high_25,block_2,source,0.8003300330033002,1,0.0,0.9777227722772271,1,1.6831683168316847
log_norm_ratio_high_25,block_2,target,3.7499999999999987,1,0.0,0.0,0,0.8168316831683176
log_norm_ratio_high_25,block_2,ssd,-4.162541254125411,0,0.0,0.029020143393649705,1,0.0
log_norm_ratio_high_50,aggregate,source,-0.13898711299701189,1,-0.8415841584158396,0.19640758718728982,2,-0.7276040104010367
log_norm_ratio_high_50,aggregate,target,1.8760608203677502,2,-0.4084158415841588,0.0679841378220895,2,-0.06797410510281376
log_norm_ratio_high_50,aggregate,ssd,-2.095780698759531,0,0.0,0.0932188293000379,3,0.1649755546274223
log_norm_ratio_high_50,block_1,source,-0.10058148672010063,0,0.0,0.3929227979188907,2,-1.4552080208020817
log_norm_ratio_high_50,block_1,target,0.002121640735502454,1,0.0,0.1352098932839059,2,-0.1396961558504023
log_norm_ratio_high_50,block_1,ssd,0.0,0,0.0,0.18643765860007425,3,0.329951109254846
log_norm_ratio_high_50,block_2,source,-0.17739273927392704,1,-1.6831683168316847,0.0,0,0.0
log_norm_ratio_high_50,block_2,target,3.7499999999999987,1,-0.8168316831683176,0.0,0,0.0
log_norm_ratio_high_50,block_2,ssd,-4.191561397519061,0,0.0,0.0,0,0.0
log_norm_ratio_high_75,aggregate,source,-0.26013672795850756,1,-0.11398014801480283,0.07525797222579418,1,0.0
log_norm_ratio_high_75,aggregate,target,1.811706811961469,3,-0.340441736481345,0.003630129415808462,1,0.0
log_norm_ratio_high_75,aggregate,ssd,-2.1277661441873073,0,-0.1649755546274223,0.06123338387226165,2,0.0
log_norm_ratio_high_75,block_1,source,-0.34288071664309333,0,1.4552080208020817,0.150623567995898,1,0.0
log_norm_ratio_high_75,block_1,target,-0.12627924403495286,2,0.1396961558504023,0.006809008513450575,1,0.0
log_norm_ratio_high_75,block_1,ssd,-0.06397089085555345,1,-0.329951109254846,0.1224667677445208,2,0.0
log_norm_ratio_high_75,block_2,source,-0.17739273927392704,1,-1.6831683168316847,0.0,0,0.0
log_norm_ratio_high_75,block_2,target,3.7499999999999987,1,-0.8168316831683176,0.0,0,0.0
log_norm_ratio_high_75,block_2,ssd,-4.191561397519061,0,0.0,0.0,0,0.0
log_norm_ratio_low_25,aggregate,source,-0.07525797222579418,2,0.0,0.26013672795850756,3,0.11398014801480283
log_norm_ratio_low_25,aggregate,target,-0.003630129415808462,2,0.0,-1.811706811961469,1,0.340441736481345
log_norm_ratio_low_25,aggregate,ssd,-0.06123338387226165,1,0.0,2.1277661441873073,2,0.1649755546274223
log_norm_ratio_low_25,block_1,source,-0.150623567995898,2,0.0,0.34288071664309333,2,-1.4552080208020817
log_norm_ratio_low_25,block_1,target,-0.006809008513450575,2,0.0,0.12627924403495286,1,-0.1396961558504023
log_norm_ratio_low_25,block_1,ssd,-0.1224667677445208,1,0.0,0.06397089085555345,1,0.329951109254846
log_norm_ratio_low_25,block_2,source,0.0,0,0.0,0.17739273927392704,2,1.6831683168316847
log_norm_ratio_low_25,block_2,target,0.0,0,0.0,-3.7499999999999987,0,0.8168316831683176
log_norm_ratio_low_25,block_2,ssd,0.0,0,0.0,4.191561397519061,2,0.0
log_norm_ratio_low_50,aggregate,source,-0.19640758718728982,2,0.7276040104010395,0.13898711299701189,3,0.8415841584158423
log_norm_ratio_low_50,aggregate,target,-0.0679841378220895,3,0.06797410510281376,-1.8760608203677502,0,0.4084158415841588
log_norm_ratio_low_50,aggregate,ssd,-0.0932188293000379,2,-0.1649755546274223,2.095780698759531,2,0.0
log_norm_ratio_low_50,block_1,source,-0.3929227979188907,2,1.4552080208020817,0.10058148672010063,1,0.0
log_norm_ratio_low_50,block_1,target,-0.1352098932839059,3,0.1396961558504023,-0.002121640735502454,0,0.0
log_norm_ratio_low_50,block_1,ssd,-0.18643765860007425,2,-0.329951109254846,0.0,0,0.0
log_norm_ratio_low_50,block_2,source,0.0,0,0.0,0.17739273927392704,2,1.6831683168316847
log_norm_ratio_low_50,block_2,target,0.0,0,0.0,-3.7499999999999987,0,0.8168316831683176
log_norm_ratio_low_50,block_2,ssd,0.0,0,0.0,4.191561397519061,2,0.0
log_norm_ratio_low_75,aggregate,source,-0.7355597166859527,2,0.7276040104010395,-0.40016501650165104,1,0.8415841584158423
log_norm_ratio_low_75,aggregate,target,-0.06692331745433895,4,0.06797410510281376,-1.8749999999999998,0,0.4084158415841588
log_norm_ratio_low_75,aggregate,ssd,-0.10772890099686276,1,-0.1649755546274223,2.081270627062706,1,0.0
log_norm_ratio_low_75,block_1,source,-0.49350428463899126,2,1.4552080208020817,0.0,0,0.0
log_norm_ratio_low_75,block_1,target,-0.13308825254840342,4,0.1396961558504023,0.0,0,0.0
log_norm_ratio_low_75,block_1,ssd,-0.18643765860007425,2,-0.329951109254846,0.0,0,0.0
log_norm_ratio_low_75,block_2,source,-0.9777227722772271,0,0.0,-0.8003300330033002,1,1.6831683168316847
log_norm_ratio_low_75,block_2,target,0.0,0,0.0,-3.7499999999999987,0,0.8168316831683176
log_norm_ratio_low_75,block_2,ssd,-0.029020143393649705,0,0.0,4.162541254125411,1,0.0
gradient_cosine_high_25,aggregate,source,-0.20123262326232627,0,0.7276040104010395,0.1341620769219755,3,0.8415841584158423
gradient_cosine_high_25,aggregate,target,0.004856126112499452,1,0.06797410510281376,-1.8032205564331614,2,0.4084158415841588
gradient_cosine_high_25,aggregate,ssd,-0.05569437896170611,0,-0.1649755546274223,2.133305149097863,3,0.0
gradient_cosine_high_25,block_1,source,-0.4057606888508402,0,1.4552080208020817,0.08774359578815111,2,0.0
gradient_cosine_high_25,block_1,target,0.011388802086001229,1,0.1396961558504023,0.14447705463440466,2,0.0
gradient_cosine_high_25,block_1,ssd,-0.11138875792341141,0,-0.329951109254846,0.07504890067666282,2,0.0
gradient_cosine_high_25,block_2,source,0.0,0,0.0,0.17739273927392704,2,1.6831683168316847
gradient_cosine_high_25,block_2,target,0.0,0,0.0,-3.7499999999999987,0,0.8168316831683176
gradient_cosine_high_25,block_2,ssd,0.0,0,0.0,4.191561397519061,2,0.0
gradient_cosine_high_50,aggregate,source,-0.37267298158387185,0,-0.11398014801480283,-0.03727828139957016,2,0.0
gradient_cosine_high_50,aggregate,target,-0.08843797868437382,2,-0.340441736481345,-1.8965146612300348,1,0.0
gradient_cosine_high_50,aggregate,ssd,-0.09312807220571706,0,-0.1649755546274223,2.095871455853852,3,0.0
gradient_cosine_high_50,block_1,source,-0.7486414054939335,0,1.4552080208020817,-0.2551371208549422,0,0.0
gradient_cosine_high_50,block_1,target,-0.17489227546563677,2,0.1396961558504023,-0.041804022917233306,1,0.0
gradient_cosine_high_50,block_1,ssd,-0.1862561444114339,0,-0.329951109254846,0.00018151418864035865,1,0.0
gradient_cosine_high_50,block_2,source,0.0,0,-1.6831683168316847,0.17739273927392704,2,0.0
gradient_cosine_high_50,block_2,target,0.0,0,-0.8168316831683176,-3.7499999999999987,0,0.0
gradient_cosine_high_50,block_2,ssd,0.0,0,0.0,4.191561397519061,2,0.0
gradient_cosine_high_75,aggregate,source,-0.7637745917448869,1,-0.11398014801480283,-0.42837989156058515,1,0.0
gradient_cosine_high_75,aggregate,target,-0.08060325949009924,3,-0.340441736481345,-1.88867994203576,0,0.0
gradient_cosine_high_75,aggregate,ssd,-0.1015023273294317,1,-0.1649755546274223,2.0874972007301373,2,0.0
gradient_cosine_high_75,block_1,source,-0.54993403475686,1,1.4552080208020817,-0.056429750117868716,0,0.0
gradient_cosine_high_75,block_1,target,-0.16175942323690107,3,0.1396961558504023,-0.028671170688497616,0,0.0
gradient_cosine_high_75,block_1,ssd,-0.17398451126521328,2,-0.329951109254846,0.012453147334860979,1,0.0
gradient_cosine_high_75,block_2,source,-0.9777227722772271,0,-1.6831683168316847,-0.8003300330033002,1,0.0
gradient_cosine_high_75,block_2,target,0.0,0,-0.8168316831683176,-3.7499999999999987,0,0.0
gradient_cosine_high_75,block_2,ssd,-0.029020143393649705,0,0.0,4.162541254125411,1,0.0
gradient_cosine_low_25,aggregate,source,0.5191389674681751,2,0.0,0.8545336676524767,5,0.11398014801480283
gradient_cosine_low_25,aggregate,target,0.013679942035760284,1,0.0,-1.7943967405099004,2,0.340441736481345
gradient_cosine_low_25,aggregate,ssd,-2.0874972007301373,0,0.0,0.1015023273294317,3,0.1649755546274223
gradient_cosine_low_25,block_1,source,0.056429750117868716,1,0.0,0.54993403475686,3,-1.4552080208020817
gradient_cosine_low_25,block_1,target,0.028671170688497616,1,0.0,0.16175942323690107,2,-0.1396961558504023
gradient_cosine_low_25,block_1,ssd,-0.012453147334860979,0,0.0,0.17398451126521328,2,0.329951109254846
gradient_cosine_low_25,block_2,source,0.9818481848184818,1,0.0,1.1592409240924089,2,1.6831683168316847
gradient_cosine_low_25,block_2,target,0.0,0,0.0,-3.7499999999999987,0,0.8168316831683176
gradient_cosine_low_25,block_2,ssd,-4.162541254125411,0,0.0,0.029020143393649705,1,0.0
gradient_cosine_low_50,aggregate,source,0.03727828139957016,2,0.0,0.37267298158387185,3,0.11398014801480283
gradient_cosine_low_50,aggregate,target,1.895556377248327,2,0.0,0.08747969470266626,1,0.340441736481345
gradient_cosine_low_50,aggregate,ssd,-2.095871455853852,1,0.0,0.09312807220571706,2,0.1649755546274223
gradient_cosine_low_50,block_1,source,0.2551371208549422,2,0.0,0.7486414054939335,3,-1.4552080208020817
gradient_cosine_low_50,block_1,target,0.041804022917233306,2,0.0,0.17489227546563677,1,-0.1396961558504023
gradient_cosine_low_50,block_1,ssd,-0.00018151418864035865,2,0.0,0.1862561444114339,2,0.329951109254846
gradient_cosine_low_50,block_2,source,-0.17739273927392704,1,0.0,0.0,0,1.6831683168316847
gradient_cosine_low_50,block_2,target,3.7499999999999987,1,0.0,0.0,0,0.8168316831683176
gradient_cosine_low_50,block_2,ssd,-4.191561397519061,0,0.0,0.0,0,0.0
gradient_cosine_low_75,aggregate,source,-0.013012461960479801,2,-0.8415841584158396,0.3223822382238219,2,-0.7276040104010367
gradient_cosine_low_75,aggregate,target,1.8966171976160775,3,-0.4084158415841588,0.08854051507041678,1,-0.06797410510281376
gradient_cosine_low_75,aggregate,ssd,-2.095871455853852,1,0.0,0.09312807220571706,2,0.1649755546274223
gradient_cosine_low_75,block_1,source,0.15455563413484158,2,0.0,0.6480599187738328,2,-1.4552080208020817
gradient_cosine_low_75,block_1,target,0.04392566365273576,3,0.0,0.17701391620113918,1,-0.1396961558504023
gradient_cosine_low_75,block_1,ssd,-0.00018151418864035865,2,0.0,0.1862561444114339,2,0.329951109254846
gradient_cosine_low_75,block_2,source,-0.17739273927392704,1,-1.6831683168316847,0.0,0,0.0
gradient_cosine_low_75,block_2,target,3.7499999999999987,1,-0.8168316831683176,0.0,0,0.0
gradient_cosine_low_75,block_2,ssd,-4.191561397519061,0,0.0,0.0,0,0.0
pseudo_loss_high_25,aggregate,source,-0.21190869086908556,0,0.0,0.12348600931521615,3,0.11398014801480283
pseudo_loss_high_25,aggregate,target,1.780645074835376,1,0.0,-0.027431607710284855,1,0.340441736481345
pseudo_loss_high_25,aggregate,ssd,-0.03743369324401095,0,0.0,2.151565834815558,4,0.1649755546274223
pseudo_loss_high_25,block_1,source,-0.2422992299229927,0,0.0,0.2512050547159986,2,-1.4552080208020817
pseudo_loss_high_25,block_1,target,-0.18840271828714042,0,0.0,-0.05531446573873699,1,-0.1396961558504023
pseudo_loss_high_25,block_1,ssd,-0.07486738648802248,0,0.0,0.11157027211205177,2,0.329951109254846
pseudo_loss_high_25,block_2,source,-0.1815181518151817,0,0.0,-0.004125412541254647,1,1.6831683168316847
pseudo_loss_high_25,block_2,target,3.7499999999999987,1,0.0,0.0,0,0.8168316831683176
pseudo_loss_high_25,block_2,ssd,0.0,0,0.0,4.191561397519061,2,0.0
pseudo_loss_high_50,aggregate,source,0.22872465818010537,1,0.7276040104010395,0.5641193583644072,2,0.8415841584158423
pseudo_loss_high_50,aggregate,target,1.811706811961469,3,0.06797410510281376,0.003630129415808462,1,0.4084158415841588
pseudo_loss_high_50,aggregate,ssd,-2.1132560724904828,1,-0.1649755546274223,0.0757434555690865,3,0.0
pseudo_loss_high_50,block_1,source,-0.34288071664309333,0,1.4552080208020817,0.150623567995898,1,0.0
pseudo_loss_high_50,block_1,target,-0.12627924403495286,2,0.1396961558504023,0.006809008513450575,1,0.0
pseudo_loss_high_50,block_1,ssd,-0.06397089085555345,1,-0.329951109254846,0.1224667677445208,2,0.0
pseudo_loss_high_50,block_2,source,0.8003300330033002,1,0.0,0.9777227722772271,1,1.6831683168316847
pseudo_loss_high_50,block_2,target,3.7499999999999987,1,0.0,0.0,0,0.8168316831683176
pseudo_loss_high_50,block_2,ssd,-4.162541254125411,0,0.0,0.029020143393649705,1,0.0
pseudo_loss_high_75,aggregate,source,0.15346668595431118,2,0.7276040104010395,0.4888613861386129,1,0.8415841584158423
pseudo_loss_high_75,aggregate,target,1.8080766825456607,4,0.06797410510281376,0.0,0,0.4084158415841588
pseudo_loss_high_75,aggregate,ssd,-2.1744894563627444,2,-0.1649755546274223,0.014510071696824852,1,0.0
pseudo_loss_high_75,block_1,source,-0.49350428463899126,2,1.4552080208020817,0.0,0,0.0
pseudo_loss_high_75,block_1,target,-0.13308825254840342,4,0.1396961558504023,0.0,0,0.0
pseudo_loss_high_75,block_1,ssd,-0.18643765860007425,2,-0.329951109254846,0.0,0,0.0
pseudo_loss_high_75,block_2,source,0.8003300330033002,1,0.0,0.9777227722772271,1,1.6831683168316847
pseudo_loss_high_75,block_2,target,3.7499999999999987,1,0.0,0.0,0,0.8168316831683176
pseudo_loss_high_75,block_2,ssd,-4.162541254125411,0,0.0,0.029020143393649705,1,0.0
pseudo_loss_low_25,aggregate,source,-0.4888613861386129,0,-0.8415841584158396,-0.15346668595431118,3,-0.7276040104010367
pseudo_loss_low_25,aggregate,target,-0.0009582839817075713,0,-0.4084158415841588,-1.8090349665273682,2,-0.06797410510281376
pseudo_loss_low_25,aggregate,ssd,-0.014510071696824852,0,0.0,2.1744894563627444,3,0.1649755546274223
pseudo_loss_low_25,block_1,source,0.0,0,0.0,0.49350428463899126,3,-1.4552080208020817
pseudo_loss_low_25,block_1,target,0.0,0,0.0,0.13308825254840342,2,-0.1396961558504023
pseudo_loss_low_25,block_1,ssd,0.0,0,0.0,0.18643765860007425,3,0.329951109254846
pseudo_loss_low_25,block_2,source,-0.9777227722772271,0,-1.6831683168316847,-0.8003300330033002,1,0.0
pseudo_loss_low_25,block_2,target,0.0,0,-0.8168316831683176,-3.7499999999999987,0,0.0
pseudo_loss_low_25,block_2,ssd,-0.029020143393649705,0,0.0,4.162541254125411,1,0.0
pseudo_loss_low_50,aggregate,source,-0.5641193583644072,2,-0.8415841584158396,-0.22872465818010537,2,-0.7276040104010367
pseudo_loss_low_50,aggregate,target,-0.003630129415808462,2,-0.4084158415841588,-1.811706811961469,1,-0.06797410510281376
pseudo_loss_low_50,aggregate,ssd,-0.0757434555690865,1,0.0,2.1132560724904828,1,0.1649755546274223
pseudo_loss_low_50,block_1,source,-0.150623567995898,2,0.0,0.34288071664309333,2,-1.4552080208020817
pseudo_loss_low_50,block_1,target,-0.006809008513450575,2,0.0,0.12627924403495286,1,-0.1396961558504023
pseudo_loss_low_50,block_1,ssd,-0.1224667677445208,1,0.0,0.06397089085555345,1,0.329951109254846
pseudo_loss_low_50,block_2,source,-0.9777227722772271,0,-1.6831683168316847,-0.8003300330033002,1,0.0
pseudo_loss_low_50,block_2,target,0.0,0,-0.8168316831683176,-3.7499999999999987,0,0.0
pseudo_loss_low_50,block_2,ssd,-0.029020143393649705,0,0.0,4.162541254125411,1,0.0
pseudo_loss_low_75,aggregate,source,-0.12348600931521615,3,-0.8415841584158396,0.21190869086908556,2,-0.7276040104010367
pseudo_loss_low_75,aggregate,target,0.027431607710284855,4,-0.4084158415841588,-1.780645074835376,1,-0.06797410510281376
pseudo_loss_low_75,aggregate,ssd,-2.151565834815558,1,0.0,0.03743369324401095,1,0.1649755546274223
pseudo_loss_low_75,block_1,source,-0.2512050547159986,2,0.0,0.2422992299229927,1,-1.4552080208020817
pseudo_loss_low_75,block_1,target,0.05531446573873699,4,0.0,0.18840271828714042,1,-0.1396961558504023
pseudo_loss_low_75,block_1,ssd,-0.11157027211205177,2,0.0,0.07486738648802248,1,0.329951109254846
pseudo_loss_low_75,block_2,source,0.004125412541254647,1,-1.6831683168316847,0.1815181518151817,1,0.0
pseudo_loss_low_75,block_2,target,0.0,0,-0.8168316831683176,-3.7499999999999987,0,0.0
pseudo_loss_low_75,block_2,ssd,-4.191561397519061,0,0.0,0.0,0,0.0
support_count_high_25,aggregate,source,-0.25152336662237623,0,0.0,0.08387133356192551,2,0.11398014801480283
support_count_high_25,aggregate,target,0.03687614722030034,3,0.0,-1.7712005353253604,2,0.340441736481345
support_count_high_25,aggregate,ssd,-0.05024613114547142,1,0.0,2.138753396914098,3,0.1649755546274223
support_count_high_25,block_1,source,-0.5063421755709409,0,0.0,-0.012837890931949517,1,-1.4552080208020817
support_count_high_25,block_1,target,0.07351227633818878,3,0.0,0.20660052888659222,2,-0.1396961558504023
support_count_high_25,block_1,ssd,-0.10049226229094238,1,0.0,0.08594539630913185,2,0.329951109254846
support_count_high_25,block_2,source,0.0,0,0.0,0.17739273927392704,2,1.6831683168316847
support_count_high_25,block_2,target,0.0,0,0.0,-3.7499999999999987,0,0.8168316831683176
support_count_high_25,block_2,ssd,0.0,0,0.0,4.191561397519061,2,0.0
support_count_high_50,aggregate,source,-0.2749132056062739,1,-0.11398014801480283,0.060481494578027796,2,0.0
support_count_high_50,aggregate,target,-0.08060325949009924,3,-0.340441736481345,-1.88867994203576,0,0.0
support_count_high_50,aggregate,ssd,-0.08699225563260683,2,-0.1649755546274223,2.1020072724269623,3,0.0
support_count_high_50,block_1,source,-0.54993403475686,1,1.4552080208020817,-0.056429750117868716,0,0.0
support_count_high_50,block_1,target,-0.16175942323690107,3,0.1396961558504023,-0.028671170688497616,0,0.0
support_count_high_50,block_1,ssd,-0.17398451126521328,2,-0.329951109254846,0.012453147334860979,1,0.0
support_count_high_50,block_2,source,0.0,0,-1.6831683168316847,0.17739273927392704,2,0.0
support_count_high_50,block_2,target,0.0,0,-0.8168316831683176,-3.7499999999999987,0,0.0
support_count_high_50,block_2,ssd,0.0,0,0.0,4.191561397519061,2,0.0
support_count_high_75,aggregate,source,-0.7355597166859527,2,-0.11398014801480283,-0.40016501650165104,1,0.0
support_count_high_75,aggregate,target,-0.06692331745433895,4,-0.340441736481345,-1.8749999999999998,0,0.0
support_count_high_75,aggregate,ssd,-0.10772890099686276,1,-0.1649755546274223,2.081270627062706,1,0.0
support_count_high_75,block_1,source,-0.49350428463899126,2,1.4552080208020817,0.0,0,0.0
support_count_high_75,block_1,target,-0.13308825254840342,4,0.1396961558504023,0.0,0,0.0
support_count_high_75,block_1,ssd,-0.18643765860007425,2,-0.329951109254846,0.0,0,0.0
support_count_high_75,block_2,source,-0.9777227722772271,0,-1.6831683168316847,-0.8003300330033002,1,0.0
support_count_high_75,block_2,target,0.0,0,-0.8168316831683176,-3.7499999999999987,0,0.0
support_count_high_75,block_2,ssd,-0.029020143393649705,0,0.0,4.162541254125411,1,0.0
support_count_low_25,aggregate,source,-0.09075907590758991,0,0.0,0.24463562427671182,3,0.11398014801480283
support_count_low_25,aggregate,target,1.874041716018292,1,0.0,0.06596503347263138,2,0.340441736481345
support_count_low_25,aggregate,ssd,0.0,0,0.0,2.188999528059569,4,0.1649755546274223
support_count_low_25,block_1,source,0.0,0,0.0,0.49350428463899126,3,-1.4552080208020817
support_count_low_25,block_1,target,0.0,0,0.0,0.13308825254840342,2,-0.1396961558504023
support_count_low_25,block_1,ssd,0.0,0,0.0,0.18643765860007425,3,0.329951109254846
support_count_low_25,block_2,source,-0.1815181518151817,0,0.0,-0.004125412541254647,1,1.6831683168316847
support_count_low_25,block_2,target,3.7499999999999987,1,0.0,0.0,0,0.8168316831683176
support_count_low_25,block_2,ssd,0.0,0,0.0,4.191561397519061,2,0.0
support_count_low_50,aggregate,source,-0.08869636963696192,1,-0.8415841584158396,0.2466983305473398,3,-0.7276040104010367
support_count_low_50,aggregate,target,1.874041716018292,1,-0.4084158415841588,0.06596503347263138,2,-0.06797410510281376
support_count_low_50,aggregate,ssd,-2.095780698759531,0,0.0,0.0932188293000379,3,0.1649755546274223
support_count_low_50,block_1,source,0.0,0,0.0,0.49350428463899126,3,-1.4552080208020817
support_count_low_50,block_1,target,0.0,0,0.0,0.13308825254840342,2,-0.1396961558504023
support_count_low_50,block_1,ssd,0.0,0,0.0,0.18643765860007425,3,0.329951109254846
support_count_low_50,block_2,source,-0.17739273927392704,1,-1.6831683168316847,0.0,0,0.0
support_count_low_50,block_2,target,3.7499999999999987,1,-0.8168316831683176,0.0,0,0.0
support_count_low_50,block_2,ssd,-4.191561397519061,0,0.0,0.0,0,0.0
support_count_low_75,aggregate,source,-0.16395434186275612,2,-0.8415841584158396,0.17144035832154558,2,-0.7276040104010367
support_count_low_75,aggregate,target,1.8713698705841912,2,-0.4084158415841588,0.0632931880385305,1,-0.06797410510281376
support_count_low_75,aggregate,ssd,-2.1570140826317927,1,0.0,0.03198544542777626,1,0.1649755546274223
support_count_low_75,block_1,source,-0.150623567995898,2,0.0,0.34288071664309333,2,-1.4552080208020817
support_count_low_75,block_1,target,-0.006809008513450575,2,0.0,0.12627924403495286,1,-0.1396961558504023
support_count_low_75,block_1,ssd,-0.1224667677445208,1,0.0,0.06397089085555345,1,0.329951109254846
support_count_low_75,block_2,source,-0.17739273927392704,1,-1.6831683168316847,0.0,0,0.0
support_count_low_75,block_2,target,3.7499999999999987,1,-0.8168316831683176,0.0,0,0.0
support_count_low_75,block_2,ssd,-4.191561397519061,0,0.0,0.0,0,0.0
support_confidence_high_25,aggregate,source,-0.4888613861386129,0,0.0,-0.15346668595431118,3,0.11398014801480283
support_confidence_high_25,aggregate,target,-0.0009582839817075713,0,0.0,-1.8090349665273682,2,0.340441736481345
support_confidence_high_25,aggregate,ssd,-0.014510071696824852,0,0.0,2.1744894563627444,3,0.1649755546274223
support_confidence_high_25,block_1,source,0.0,0,0.0,0.49350428463899126,3,-1.4552080208020817
support_confidence_high_25,block_1,target,0.0,0,0.0,0.13308825254840342,2,-0.1396961558504023
support_confidence_high_25,block_1,ssd,0.0,0,0.0,0.18643765860007425,3,0.329951109254846
support_confidence_high_25,block_2,source,-0.9777227722772271,0,0.0,-0.8003300330033002,1,1.6831683168316847
support_confidence_high_25,block_2,target,0.0,0,0.0,-3.7499999999999987,0,0.8168316831683176
support_confidence_high_25,block_2,ssd,-0.029020143393649705,0,0.0,4.162541254125411,1,0.0
support_confidence_high_50,aggregate,source,0.12803735730716007,3,0.0,0.4634320574914618,4,0.11398014801480283
support_confidence_high_50,aggregate,target,-0.009444539510015485,1,0.0,-1.8175212220556762,1,0.340441736481345
support_confidence_high_50,aggregate,ssd,-2.101319703670087,1,0.0,0.08767982438948237,2,0.1649755546274223
support_confidence_high_50,block_1,source,0.2551371208549422,2,0.0,0.7486414054939335,3,-1.4552080208020817
support_confidence_high_50,block_1,target,-0.018197810599451802,1,0.0,0.11489044194895164,1,-0.1396961558504023
support_confidence_high_50,block_1,ssd,-0.01107800982110939,1,0.0,0.17535964877896484,2,0.329951109254846
support_confidence_high_50,block_2,source,0.004125412541254647,1,0.0,0.1815181518151817,1,1.6831683168316847
support_confidence_high_50,block_2,target,0.0,0,0.0,-3.7499999999999987,0,0.8168316831683176
support_confidence_high_50,block_2,ssd,-4.191561397519061,0,0.0,0.0,0,0.0
support_confidence_high_75,aggregate,source,-0.07319526595516619,3,-0.8415841584158396,0.26219943422913555,3,-0.7276040104010367
support_confidence_high_75,aggregate,target,0.026370787342534324,3,-0.4084158415841588,-1.7817058952031264,1,-0.06797410510281376
support_confidence_high_75,aggregate,ssd,-2.151565834815558,1,0.0,0.03743369324401095,1,0.1649755546274223
support_confidence_high_75,block_1,source,-0.150623567995898,2,0.0,0.34288071664309333,2,-1.4552080208020817
support_confidence_high_75,block_1,target,0.05319282500323453,3,0.0,0.186281077551638,1,-0.1396961558504023
support_confidence_high_75,block_1,ssd,-0.11157027211205177,2,0.0,0.07486738648802248,1,0.329951109254846
support_confidence_high_75,block_2,source,0.004125412541254647,1,-1.6831683168316847,0.1815181518151817,1,0.0
support_confidence_high_75,block_2,target,0.0,0,-0.8168316831683176,-3.7499999999999987,0,0.0
support_confidence_high_75,block_2,ssd,-4.191561397519061,0,0.0,0.0,0,0.0
support_confidence_low_25,aggregate,source,-0.26219943422913555,0,0.0,0.07319526595516619,2,0.11398014801480283
support_confidence_low_25,aggregate,target,1.7817058952031264,2,0.0,-0.026370787342534324,1,0.340441736481345
support_confidence_low_25,aggregate,ssd,-0.03743369324401095,0,0.0,2.151565834815558,4,0.1649755546274223
support_confidence_low_25,block_1,source,-0.34288071664309333,0,0.0,0.150623567995898,1,-1.4552080208020817
support_confidence_low_25,block_1,target,-0.186281077551638,1,0.0,-0.05319282500323453,1,-0.1396961558504023
support_confidence_low_25,block_1,ssd,-0.07486738648802248,0,0.0,0.11157027211205177,2,0.329951109254846
support_confidence_low_25,block_2,source,-0.1815181518151817,0,0.0,-0.004125412541254647,1,1.6831683168316847
support_confidence_low_25,block_2,target,3.7499999999999987,1,0.0,0.0,0,0.8168316831683176
support_confidence_low_25,block_2,ssd,0.0,0,0.0,4.191561397519061,2,0.0
support_confidence_low_50,aggregate,source,-0.4634320574914618,0,-0.11398014801480283,-0.12803735730716007,1,0.0
support_confidence_low_50,aggregate,target,1.8175212220556762,4,-0.340441736481345,0.009444539510015485,1,0.0
support_confidence_low_50,aggregate,ssd,-0.08767982438948237,1,-0.1649755546274223,2.101319703670087,3,0.0
support_confidence_low_50,block_1,source,-0.7486414054939335,0,1.4552080208020817,-0.2551371208549422,0,0.0
support_confidence_low_50,block_1,target,-0.11489044194895164,3,0.1396961558504023,0.018197810599451802,1,0.0
support_confidence_low_50,block_1,ssd,-0.17535964877896484,1,-0.329951109254846,0.01107800982110939,1,0.0
support_confidence_low_50,block_2,source,-0.1815181518151817,0,-1.6831683168316847,-0.004125412541254647,1,0.0
support_confidence_low_50,block_2,target,3.7499999999999987,1,-0.8168316831683176,0.0,0,0.0
support_confidence_low_50,block_2,ssd,0.0,0,0.0,4.191561397519061,2,0.0
support_confidence_low_75,aggregate,source,0.12525181089537704,2,-0.11398014801480283,0.46064651107967886,1,0.0
support_confidence_low_75,aggregate,target,1.7943967405099004,4,-0.340441736481345,-0.013679942035760284,0,0.0
support_confidence_low_75,aggregate,ssd,-2.168262882695313,2,-0.1649755546274223,0.02073664536425592,2,0.0
support_confidence_low_75,block_1,source,-0.54993403475686,1,1.4552080208020817,-0.056429750117868716,0,0.0
support_confidence_low_75,block_1,target,-0.16175942323690107,3,0.1396961558504023,-0.028671170688497616,0,0.0
support_confidence_low_75,block_1,ssd,-0.17398451126521328,2,-0.329951109254846,0.012453147334860979,1,0.0
support_confidence_low_75,block_2,source,0.8003300330033002,1,-1.6831683168316847,0.9777227722772271,1,0.0
support_confidence_low_75,block_2,target,3.7499999999999987,1,-0.8168316831683176,0.0,0,0.0
support_confidence_low_75,block_2,ssd,-4.162541254125411,0,0.0,0.029020143393649705,1,0.0
