detector,case,variant,k,iou,tp_count,mean,p10,p25,median,p75,p90
source,gamma_s1,no_adapt,0,50,1220,0.7720831587147273,0.23641285300254822,0.6030734479427338,0.9309202134609222,0.9912503212690353,0.9982296764850617
source,gamma_s1,no_adapt,0,75,836,0.8405159554894318,0.38844722509384155,0.807468444108963,0.9732056856155396,0.9950396418571472,0.9988162219524384
source,gamma_s1,global_generic,1,50,1218,0.7733049029040904,0.2345511183142662,0.6100625693798065,0.9310995936393738,0.9913326799869537,0.9982619345188141
source,gamma_s1,global_generic,1,75,827,0.8432418139833854,0.39200222492218023,0.8133603632450104,0.9732235670089722,0.9951496422290802,0.998840606212616
source,gamma_s1,global_generic,3,50,1222,0.7707086671326682,0.2336306393146515,0.6063760668039322,0.9291959404945374,0.9913187474012375,0.9982917368412018
source,gamma_s1,global_generic,3,75,816,0.841513855455845,0.3788588047027588,0.8184195160865784,0.9747613966464996,0.9952197819948196,0.9988476037979126
source,gamma_s1,det_pseudo,1,50,1216,0.7783735544868059,0.23877741396427155,0.639067068696022,0.9329133033752441,0.9912833720445633,0.998272716999054
source,gamma_s1,det_pseudo,1,75,830,0.8457053748105304,0.4100632846355439,0.8248623162508011,0.9732270538806915,0.9951346814632416,0.9988149106502533
source,gamma_s1,det_pseudo,3,50,1223,0.7729905688296014,0.19390479624271392,0.6249018609523773,0.9325588345527649,0.9909690022468567,0.9982248544692993
source,gamma_s1,det_pseudo,3,75,835,0.8402343057096004,0.3650621592998506,0.8208711445331573,0.9738410115242004,0.9948536455631256,0.9987915873527526
source,gamma_s1,det_pseudo_clip_radius,1,50,1217,0.7758288373076337,0.2433000594377518,0.6205350756645203,0.9321901798248291,0.9912863373756409,0.9983064889907837
source,gamma_s1,det_pseudo_clip_radius,1,75,830,0.84429186673229,0.40332823395729067,0.8134515136480331,0.9732473790645599,0.995087742805481,0.998816043138504
source,gamma_s1,det_pseudo_clip_radius,3,50,1216,0.7779756301744399,0.24406253546476364,0.6441505402326584,0.9330735504627228,0.991375520825386,0.9982718229293823
source,gamma_s1,det_pseudo_clip_radius,3,75,829,0.8394437459296354,0.3838535130023957,0.8079457879066467,0.9727336764335632,0.9950637221336365,0.9988478899002076
source,gamma_s2,no_adapt,0,50,1177,0.7707725992092361,0.20483824014663699,0.6313374638557434,0.9329425692558289,0.9907801747322083,0.9980364203453064
source,gamma_s2,no_adapt,0,75,800,0.8327316026156768,0.3812789767980576,0.7778911143541336,0.9723420441150665,0.9946469068527222,0.9987747371196747
source,gamma_s2,global_generic,1,50,1174,0.7686670617163943,0.20387281924486164,0.6241742372512817,0.9344911575317383,0.9908042252063751,0.9980512022972107
source,gamma_s2,global_generic,1,75,801,0.8297185423399104,0.34394371509552,0.7791310548782349,0.9713478684425354,0.9944326281547546,0.9988023042678833
source,gamma_s2,global_generic,3,50,1172,0.7696344239109613,0.20622338801622392,0.6263563632965088,0.9310170412063599,0.990710973739624,0.9980930209159851
source,gamma_s2,global_generic,3,75,795,0.8325653459103602,0.3977985560894013,0.7858841121196747,0.9712311625480652,0.9944908022880554,0.9987720370292663
source,gamma_s2,det_pseudo,1,50,1172,0.7712604445389412,0.1936674311757088,0.6353966295719147,0.9348348379135132,0.9908172339200974,0.9980444192886353
source,gamma_s2,det_pseudo,1,75,791,0.8383450573251386,0.3838732838630676,0.804710179567337,0.9743952751159668,0.9946439266204834,0.9988162517547607
source,gamma_s2,det_pseudo,3,50,1181,0.7733750079082645,0.2042999416589737,0.6501244306564331,0.9325194954872131,0.990791916847229,0.9980182647705078
source,gamma_s2,det_pseudo,3,75,795,0.8347267181805844,0.3553536176681519,0.8083517849445343,0.9725589752197266,0.9948832094669342,0.9988235354423523
source,gamma_s2,det_pseudo_clip_radius,1,50,1175,0.7708259796906025,0.19887765645980834,0.6341316103935242,0.9329654574394226,0.9908603131771088,0.9980423450469971
source,gamma_s2,det_pseudo_clip_radius,1,75,797,0.834706619891386,0.3726516723632813,0.792985200881958,0.9725378751754761,0.9947040677070618,0.9988020181655883
source,gamma_s2,det_pseudo_clip_radius,3,50,1175,0.7700897036524529,0.18195811212062835,0.6376299858093262,0.9347829818725586,0.9908109903335571,0.9980795979499817
source,gamma_s2,det_pseudo_clip_radius,3,75,807,0.8293589335327328,0.30907318592071537,0.7862831652164459,0.9712797403335571,0.9947262406349182,0.9987729907035827
source,contrast_s1,no_adapt,0,50,1185,0.7624292274850581,0.20354328453540801,0.5846267342567444,0.9329537749290466,0.9909104704856873,0.9982534527778626
source,contrast_s1,no_adapt,0,75,804,0.8275020616453382,0.27666817009449013,0.8108123987913132,0.9723524451255798,0.9948516935110092,0.9989226818084717
source,contrast_s1,global_generic,1,50,1185,0.762830246054422,0.2040153205394745,0.5993718504905701,0.933643639087677,0.9908870458602905,0.9982450246810913
source,contrast_s1,global_generic,1,75,809,0.827269840709248,0.2966151416301728,0.8065919876098633,0.9717690944671631,0.9948858618736267,0.9989021182060241
source,contrast_s1,global_generic,3,50,1185,0.7628559338612647,0.20618912577629092,0.59184330701828,0.9333534836769104,0.990869402885437,0.9981781482696533
source,contrast_s1,global_generic,3,75,812,0.8243530550971627,0.27319522798061374,0.7995008081197739,0.9711818397045135,0.9948872923851013,0.9989220201969147
source,contrast_s1,det_pseudo,1,50,1184,0.766127898011709,0.20494427978992463,0.6091589480638504,0.9371275901794434,0.9908729642629623,0.9982859849929809
source,contrast_s1,det_pseudo,1,75,800,0.8354422869347036,0.3342384964227677,0.8172387331724167,0.9719088077545166,0.9949450045824051,0.9989124119281769
source,contrast_s1,det_pseudo,3,50,1191,0.7676809069479242,0.20868773758411407,0.6113768815994263,0.9393240213394165,0.990800678730011,0.9981483221054077
source,contrast_s1,det_pseudo,3,75,801,0.8376442232214556,0.33350807428359985,0.8213226199150085,0.971261739730835,0.9948438405990601,0.9989039897918701
source,contrast_s1,det_pseudo_clip_radius,1,50,1187,0.7628387352129995,0.20276609659194947,0.5939629971981049,0.9339672327041626,0.9909194111824036,0.9982577443122864
source,contrast_s1,det_pseudo_clip_radius,1,75,811,0.8254108669468272,0.28871187567710876,0.8020460307598114,0.9713312387466431,0.9948391020298004,0.9989481568336487
source,contrast_s1,det_pseudo_clip_radius,3,50,1188,0.7654865430228989,0.2039267435669899,0.6116727143526077,0.9380233287811279,0.9909695386886597,0.9982149660587311
source,contrast_s1,det_pseudo_clip_radius,3,75,799,0.8343895495273592,0.31444816589355473,0.8173218071460724,0.9733938574790955,0.9950495660305023,0.9989577174186707
source,contrast_s2,no_adapt,0,50,1066,0.7359370997710255,0.1512465998530388,0.5100342631340027,0.9162940979003906,0.9877072274684906,0.9980997145175934
source,contrast_s2,no_adapt,0,75,719,0.8034334932978527,0.2486270636320114,0.7198273837566376,0.9587773084640503,0.9941365420818329,0.9987809419631958
source,contrast_s2,global_generic,1,50,1069,0.7351542925749626,0.15291636288166047,0.5087388753890991,0.9180298447608948,0.9876584410667419,0.998074209690094
source,contrast_s2,global_generic,1,75,718,0.8034872580423411,0.24986783862113957,0.7257102727890015,0.9596783816814423,0.9941071271896362,0.9987842321395874
source,contrast_s2,global_generic,3,50,1072,0.7324788590142531,0.14546476900577546,0.5041843205690384,0.9174372255802155,0.9873607307672501,0.9980972647666931
source,contrast_s2,global_generic,3,75,722,0.8014596277832408,0.23156258165836335,0.7211870402097702,0.959378719329834,0.9940198361873627,0.9987858772277832
source,contrast_s2,det_pseudo,1,50,1066,0.7452775781579302,0.15063481032848358,0.5480772703886032,0.9228585362434387,0.98808853328228,0.9980803728103638
source,contrast_s2,det_pseudo,1,75,717,0.8150712395842853,0.2412086606025696,0.7601537704467773,0.9605928659439087,0.9939490556716919,0.9988057494163514
source,contrast_s2,det_pseudo,3,50,1068,0.7469888203515765,0.15410365611314775,0.5394955277442932,0.9255124628543854,0.9881659746170044,0.9981831014156342
source,contrast_s2,det_pseudo,3,75,730,0.8082353711077204,0.21050872653722763,0.7616022974252701,0.9587689340114594,0.9938627183437347,0.998836773633957
source,contrast_s2,det_pseudo_clip_radius,1,50,1065,0.7390101684196174,0.1564630299806595,0.5184706449508667,0.9189631342887878,0.9879096746444702,0.9980698585510254
source,contrast_s2,det_pseudo_clip_radius,1,75,723,0.8019063381393173,0.23948423862457274,0.7189083695411682,0.9589137434959412,0.9940214455127716,0.9987823367118835
source,contrast_s2,det_pseudo_clip_radius,3,50,1071,0.7396100600407459,0.15007714927196503,0.5132350027561188,0.9205971360206604,0.9880366623401642,0.9980731010437012
source,contrast_s2,det_pseudo_clip_radius,3,75,726,0.8058106169135364,0.22879000008106232,0.7370051443576813,0.9587751626968384,0.9939835071563721,0.9987782835960388
source,color_cast_s1,no_adapt,0,50,1210,0.7798854631825912,0.2362985283136368,0.6352121829986572,0.937870055437088,0.9913970977067947,0.9982168197631835
source,color_cast_s1,no_adapt,0,75,814,0.8416206704759261,0.3781984090805054,0.8128291964530945,0.9756075143814087,0.9953092634677887,0.9988903760910034
source,color_cast_s1,global_generic,1,50,1215,0.7786971409839613,0.23369232714176177,0.6392095386981964,0.9370405077934265,0.9915037453174591,0.9982154250144959
source,color_cast_s1,global_generic,1,75,814,0.8404760011391719,0.3741070181131363,0.8131761997938156,0.9753186106681824,0.9953894019126892,0.9988887786865235
source,color_cast_s1,global_generic,3,50,1214,0.7789993782142635,0.23270089626312257,0.6479265689849854,0.9371203780174255,0.9915071576833725,0.9982233822345734
source,color_cast_s1,global_generic,3,75,815,0.8398866658744637,0.37636858224868774,0.8142832517623901,0.9754374623298645,0.9954546093940735,0.9988927960395813
source,color_cast_s1,det_pseudo,1,50,1215,0.7829005588259962,0.2342454344034195,0.67047318816185,0.9389384984970093,0.9915910065174103,0.9982645750045777
source,color_cast_s1,det_pseudo,1,75,835,0.8363444351284447,0.36929243206977846,0.8019327223300934,0.9741517901420593,0.9950398504734039,0.9988397002220154
source,color_cast_s1,det_pseudo,3,50,1212,0.7880728644912097,0.2507631480693817,0.6728238463401794,0.9396431744098663,0.9916225224733353,0.9981735289096832
source,color_cast_s1,det_pseudo,3,75,822,0.8481263933191189,0.4167745649814606,0.8223775029182434,0.9757493138313293,0.995256319642067,0.9988478720188141
source,color_cast_s1,det_pseudo_clip_radius,1,50,1212,0.781173367225396,0.23835228681564333,0.6512963324785233,0.9380857050418854,0.9914227575063705,0.9982253670692444
source,color_cast_s1,det_pseudo_clip_radius,1,75,816,0.8410869271530971,0.3793324679136276,0.8107315599918365,0.9753777384757996,0.9954246878623962,0.9988748729228973
source,color_cast_s1,det_pseudo_clip_radius,3,50,1210,0.784075830879906,0.24560590088367462,0.6643478721380234,0.939243346452713,0.9914848059415817,0.9982389032840728
source,color_cast_s1,det_pseudo_clip_radius,3,75,824,0.838603826800307,0.3766890913248062,0.8029886931180954,0.9752592742443085,0.9952847510576248,0.9988671720027924
source,color_cast_s2,no_adapt,0,50,1184,0.7739829297234128,0.228581303358078,0.6168541014194489,0.9363270699977875,0.9913175106048584,0.9983678102493286
source,color_cast_s2,no_adapt,0,75,792,0.8394338010170619,0.3692142575979233,0.819194570183754,0.975362092256546,0.9953849017620087,0.9989690899848938
source,color_cast_s2,global_generic,1,50,1183,0.7756845536291448,0.2305163234472275,0.6222902536392212,0.9362024664878845,0.9913123250007629,0.9983708262443542
source,color_cast_s2,global_generic,1,75,793,0.8401200124127192,0.3710755527019501,0.8209745287895203,0.9755460023880005,0.995381236076355,0.9989701986312867
source,color_cast_s2,global_generic,3,50,1186,0.7746251833579593,0.2337471768260002,0.6222175806760788,0.9353975653648376,0.9912946373224258,0.9983745813369751
source,color_cast_s2,global_generic,3,75,798,0.8380301117588927,0.3699998468160629,0.813464567065239,0.974262923002243,0.995217502117157,0.9989606380462647
source,color_cast_s2,det_pseudo,1,50,1185,0.7773378553395532,0.23120409846305848,0.6419079899787903,0.9373441934585571,0.9913544058799744,0.9983977198600769
source,color_cast_s2,det_pseudo,1,75,796,0.8384203277528286,0.3429456204175949,0.8183949440717697,0.9750300049781799,0.9952061772346497,0.9989419877529144
source,color_cast_s2,det_pseudo,3,50,1186,0.7783985411965023,0.2286839336156845,0.6474461108446121,0.9385581612586975,0.9913833290338516,0.998408704996109
source,color_cast_s2,det_pseudo,3,75,806,0.8374878538462793,0.3408622145652771,0.8081998378038406,0.9756686389446259,0.9951637387275696,0.9989103376865387
source,color_cast_s2,det_pseudo_clip_radius,1,50,1184,0.7746334603068897,0.2258615016937256,0.6214116662740707,0.9365352988243103,0.9913917928934097,0.9983779907226562
source,color_cast_s2,det_pseudo_clip_radius,1,75,792,0.8400995765172998,0.3695451378822327,0.8217253684997559,0.9751942157745361,0.9953537285327911,0.9989691853523255
source,color_cast_s2,det_pseudo_clip_radius,3,50,1184,0.7766868352726404,0.23656322509050376,0.6363945603370667,0.9358381628990173,0.9913542717695236,0.9984088838100433
source,color_cast_s2,det_pseudo_clip_radius,3,75,791,0.8402380861775236,0.36961397528648376,0.8217938244342804,0.9753431081771851,0.9952757060527802,0.9989677667617798
source,clean_s0,no_adapt,0,50,1230,0.7843403538158996,0.2471395716071129,0.6364659518003464,0.9407284557819366,0.9916046410799026,0.9982501029968261
source,clean_s0,no_adapt,0,75,821,0.8490020203541389,0.44256800413131714,0.8244845271110535,0.9748820066452026,0.9955400824546814,0.998920202255249
source,clean_s0,global_generic,1,50,1232,0.7849949502821576,0.25665445923805236,0.6410722136497498,0.939783126115799,0.9912688434123993,0.9982592642307282
source,clean_s0,global_generic,1,75,822,0.8479204561987352,0.4245150983333588,0.8140113651752472,0.9744344055652618,0.9955363273620605,0.9989536285400391
source,clean_s0,global_generic,3,50,1228,0.7862213458198484,0.25704613924026487,0.6470120251178741,0.9416718780994415,0.9914342910051346,0.9982774555683136
source,clean_s0,global_generic,3,75,828,0.8454819532372237,0.4236337631940842,0.8144245147705078,0.9730651676654816,0.9955007880926132,0.9989170849323272
source,clean_s0,det_pseudo,1,50,1231,0.7877228640830923,0.2621804475784302,0.6632644832134247,0.9424406886100769,0.9914900362491608,0.9982433319091797
source,clean_s0,det_pseudo,1,75,825,0.8511113710701466,0.44469113945961,0.8335161209106445,0.975844144821167,0.9955520033836365,0.9989262223243713
source,clean_s0,det_pseudo,3,50,1229,0.7924006767934711,0.27076389193534856,0.6786134243011475,0.9455644488334656,0.9917225241661072,0.9982566356658935
source,clean_s0,det_pseudo,3,75,820,0.8560125215615078,0.45456812977790834,0.8523418009281158,0.9768992066383362,0.995471253991127,0.998921686410904
source,clean_s0,det_pseudo_clip_radius,1,50,1233,0.7847553418446196,0.24964041709899903,0.6478471159934998,0.9414277672767639,0.9915522336959839,0.9982498764991761
source,clean_s0,det_pseudo_clip_radius,1,75,828,0.8494177281289644,0.42508315443992617,0.8244195133447647,0.9756052494049072,0.9954517930746078,0.998916220664978
source,clean_s0,det_pseudo_clip_radius,3,50,1232,0.7882349325416537,0.2559915900230408,0.6662057489156723,0.9431270062923431,0.9915784746408463,0.9983108878135681
source,clean_s0,det_pseudo_clip_radius,3,75,825,0.8494845182064807,0.418146824836731,0.8220110535621643,0.9749530553817749,0.9954280853271484,0.9989268898963928
target,gamma_s1,no_adapt,0,50,1217,0.5948884870394783,0.34217257499694825,0.45669159293174744,0.618471622467041,0.7283950448036194,0.8053285360336304
target,gamma_s1,no_adapt,0,75,902,0.6246335075263703,0.35870629251003266,0.5078921169042587,0.6653923988342285,0.758442297577858,0.8235226929187774
target,gamma_s1,global_generic,1,50,1213,0.5949140411463043,0.3414772927761078,0.45665860176086426,0.6186826229095459,0.7285120487213135,0.8059321403503418
target,gamma_s1,global_generic,1,75,901,0.6252550645323096,0.3605281114578247,0.5123546123504639,0.6655492782592773,0.7582982182502747,0.8235403299331665
target,gamma_s1,global_generic,3,50,1214,0.5936261941072772,0.341996705532074,0.4520154818892479,0.6175642907619476,0.727935403585434,0.8068467438220979
target,gamma_s1,global_generic,3,75,905,0.6245455488809565,0.36117773652076723,0.5121116638183594,0.664036750793457,0.7567432522773743,0.82405766248703
target,gamma_s1,det_pseudo,1,50,1212,0.5958845888943759,0.34285047054290774,0.46255645900964737,0.6186367571353912,0.7315113097429276,0.8038558840751648
target,gamma_s1,det_pseudo,1,75,891,0.6304150089437579,0.3721386194229126,0.5219302475452423,0.6703665256500244,0.7588449418544769,0.8239443302154541
target,gamma_s1,det_pseudo,3,50,1218,0.5942206284511461,0.33870460391044616,0.45536956936120987,0.6187520623207092,0.7319537103176117,0.8049423992633818
target,gamma_s1,det_pseudo,3,75,897,0.6262004290735442,0.35966341495513915,0.5156376957893372,0.666571319103241,0.7588467001914978,0.8239807963371277
target,gamma_s1,det_pseudo_clip_radius,1,50,1216,0.5950782633705163,0.3396729379892349,0.455626904964447,0.6180883347988129,0.7294361591339111,0.8059386610984802
target,gamma_s1,det_pseudo_clip_radius,1,75,900,0.6261034894982974,0.36167264580726627,0.5142193287611008,0.6663070619106293,0.7587496489286423,0.8233515739440918
target,gamma_s1,det_pseudo_clip_radius,3,50,1216,0.595344743703639,0.3414984345436096,0.4593546763062477,0.6187287271022797,0.7317049950361252,0.8065478801727295
target,gamma_s1,det_pseudo_clip_radius,3,75,901,0.6266899618271585,0.36391642689704895,0.5151470899581909,0.6681715250015259,0.7585168480873108,0.8241447806358337
target,gamma_s2,no_adapt,0,50,1191,0.5876841341668473,0.32237014174461365,0.44911903142929077,0.6146566867828369,0.7321751713752747,0.8066865801811218
target,gamma_s2,no_adapt,0,75,854,0.624529204739201,0.3579470783472061,0.5033481121063232,0.663217157125473,0.7558301985263824,0.8229459702968598
target,gamma_s2,global_generic,1,50,1189,0.5877681315396391,0.3273934066295624,0.4483993947505951,0.613937258720398,0.7318164110183716,0.8065544962882996
target,gamma_s2,global_generic,1,75,847,0.6255210037953457,0.3594273567199707,0.5065294206142426,0.6629689335823059,0.7561226785182953,0.822769284248352
target,gamma_s2,global_generic,3,50,1184,0.5880026610417141,0.32489470541477206,0.4497355967760086,0.6129339635372162,0.7307099997997284,0.8067543506622314
target,gamma_s2,global_generic,3,75,836,0.6276916164067088,0.36323322355747223,0.5142369568347931,0.666219025850296,0.7564146816730499,0.8226634860038757
target,gamma_s2,det_pseudo,1,50,1185,0.5888186623275532,0.3322788178920746,0.4501537084579468,0.6150105595588684,0.7308827638626099,0.8068010568618774
target,gamma_s2,det_pseudo,1,75,859,0.6227330969987009,0.34939584136009216,0.5007941126823425,0.6628280878067017,0.7575542628765106,0.8226288557052612
target,gamma_s2,det_pseudo,3,50,1190,0.5884821222108954,0.326930770277977,0.4516862705349922,0.6194661855697632,0.7314922660589218,0.8078810691833497
target,gamma_s2,det_pseudo,3,75,868,0.620579337194768,0.3452244073152542,0.4974353164434433,0.6614886224269867,0.7566112577915192,0.8225199580192566
target,gamma_s2,det_pseudo_clip_radius,1,50,1192,0.5876123004611706,0.32375568747520445,0.45009511709213257,0.6145258843898773,0.7308020442724228,0.8072636902332306
target,gamma_s2,det_pseudo_clip_radius,1,75,858,0.6244260364826465,0.357543021440506,0.5022335052490234,0.6631283164024353,0.7562408894300461,0.8233322560787202
target,gamma_s2,det_pseudo_clip_radius,3,50,1190,0.5889398941848458,0.32612118124961853,0.4517756327986717,0.6174029409885406,0.7312416434288025,0.8067066848278046
target,gamma_s2,det_pseudo_clip_radius,3,75,859,0.6245578519123952,0.35557029843330384,0.5093319118022919,0.663183867931366,0.756689727306366,0.8229178905487061
target,contrast_s1,no_adapt,0,50,1208,0.590082909295101,0.3342561423778534,0.4494783505797386,0.61510169506073,0.7327850311994553,0.8098610877990723
target,contrast_s1,no_adapt,0,75,887,0.6208804766516272,0.34697259664535524,0.49684907495975494,0.6577484011650085,0.7572586238384247,0.8237984538078308
target,contrast_s1,global_generic,1,50,1211,0.5893831454974181,0.3322114944458008,0.4475240111351013,0.614464521408081,0.7324933409690857,0.8099835515022278
target,contrast_s1,global_generic,1,75,885,0.6219566795280425,0.35303487777709963,0.49794235825538635,0.6587771773338318,0.7575380802154541,0.8260954976081848
target,contrast_s1,global_generic,3,50,1210,0.5900898624303912,0.33224090039730075,0.44833119958639145,0.6167934238910675,0.7315676659345627,0.8097168624401093
target,contrast_s1,global_generic,3,75,888,0.6218067601591617,0.35526720285415647,0.5016657561063766,0.6582171022891998,0.7594952136278152,0.8257737100124359
target,contrast_s1,det_pseudo,1,50,1210,0.590111358279039,0.3281527042388916,0.44574059545993805,0.6179258227348328,0.7320121824741364,0.8082171797752382
target,contrast_s1,det_pseudo,1,75,883,0.622001789687444,0.3475246369838715,0.50552698969841,0.6591920256614685,0.756210446357727,0.8245097517967224
target,contrast_s1,det_pseudo,3,50,1212,0.5911323974038115,0.3292166650295258,0.45163917541503906,0.6196790039539337,0.7327090948820114,0.8068681240081788
target,contrast_s1,det_pseudo,3,75,878,0.622377309362682,0.33788481056690217,0.5129888504743576,0.6617379486560822,0.755478173494339,0.8241229712963105
target,contrast_s1,det_pseudo_clip_radius,1,50,1210,0.5900830959978183,0.33183381855487826,0.44722986966371536,0.616334855556488,0.7321969270706177,0.808663731813431
target,contrast_s1,det_pseudo_clip_radius,1,75,885,0.6219963296153451,0.34920627474784854,0.5006599426269531,0.6585832834243774,0.7567696571350098,0.8250906348228455
target,contrast_s1,det_pseudo_clip_radius,3,50,1213,0.5894780468812976,0.3279287040233612,0.445406436920166,0.6153827905654907,0.7322214245796204,0.8082198023796081
target,contrast_s1,det_pseudo_clip_radius,3,75,884,0.6223267970345409,0.34358232319355014,0.5024147480726242,0.6609427034854889,0.7574954777956009,0.82654287815094
target,contrast_s2,no_adapt,0,50,1116,0.5780520579881139,0.3124696761369705,0.43339645862579346,0.5963312685489655,0.7252440452575684,0.8066800534725189
target,contrast_s2,no_adapt,0,75,793,0.614231880777721,0.3288079619407654,0.48941418528556824,0.6472547054290771,0.759215772151947,0.8240606904029847
target,contrast_s2,global_generic,1,50,1116,0.5781416383081226,0.3105911612510681,0.4312158226966858,0.596788614988327,0.7242951840162277,0.8065687119960785
target,contrast_s2,global_generic,1,75,790,0.614923366602463,0.3266991555690765,0.4923187866806984,0.6511226296424866,0.7579209208488464,0.8240299224853516
target,contrast_s2,global_generic,3,50,1116,0.5777436720080487,0.308173269033432,0.42836859822273254,0.5985036492347717,0.7241559773683548,0.806276798248291
target,contrast_s2,global_generic,3,75,795,0.6131393383696394,0.32043227553367615,0.4896056056022644,0.6519014835357666,0.7576253414154053,0.8233092784881592
target,contrast_s2,det_pseudo,1,50,1116,0.5790622650936086,0.31450895965099335,0.43501080572605133,0.5998833477497101,0.7266195118427277,0.8073092401027679
target,contrast_s2,det_pseudo,1,75,794,0.6148621358859448,0.33492682576179506,0.49452687054872513,0.6460115313529968,0.7578516453504562,0.8277281641960145
target,contrast_s2,det_pseudo,3,50,1121,0.5800791176885074,0.31836575269699097,0.4415090084075928,0.6007581353187561,0.7227551937103271,0.8074272871017456
target,contrast_s2,det_pseudo,3,75,793,0.6166677986275203,0.3330199301242828,0.5013005137443542,0.6468230485916138,0.7604400515556335,0.8283452153205872
target,contrast_s2,det_pseudo_clip_radius,1,50,1121,0.5774115977757324,0.3122146427631378,0.4313410520553589,0.5977991223335266,0.7233706712722778,0.806471586227417
target,contrast_s2,det_pseudo_clip_radius,1,75,792,0.6148242645266683,0.3351346135139465,0.4921964183449745,0.6477506458759308,0.7583838254213333,0.8243607521057129
target,contrast_s2,det_pseudo_clip_radius,3,50,1117,0.5795109833231331,0.31951797008514404,0.433383584022522,0.600395143032074,0.7241824269294739,0.8070280313491821
target,contrast_s2,det_pseudo_clip_radius,3,75,795,0.6144422898689906,0.33599578142166137,0.49008020758628845,0.6475895643234253,0.7586788535118103,0.825266444683075
target,color_cast_s1,no_adapt,0,50,1219,0.5932330406034844,0.33683645725250244,0.458288237452507,0.6165127158164978,0.7291124165058136,0.8100548505783081
target,color_cast_s1,no_adapt,0,75,882,0.6258593847185305,0.3616889834403992,0.5171522200107574,0.6581398844718933,0.7565179020166397,0.8284831464290618
target,color_cast_s1,global_generic,1,50,1219,0.5931255316103551,0.33430601954460143,0.45823152363300323,0.6167647838592529,0.7290230095386505,0.810630202293396
target,color_cast_s1,global_generic,1,75,882,0.6266986456385005,0.3656407296657562,0.5182426273822784,0.6584191620349884,0.7558155655860901,0.8292988121509552
target,color_cast_s1,global_generic,3,50,1223,0.5922085637209947,0.33316994905471803,0.4565926492214203,0.6171663403511047,0.727421760559082,0.8103167533874511
target,color_cast_s1,global_generic,3,75,881,0.6251881154894694,0.3543611764907837,0.5167306661605835,0.6587711572647095,0.7562077045440674,0.8286915421485901
target,color_cast_s1,det_pseudo,1,50,1221,0.593923438825537,0.3401308059692383,0.45537227392196655,0.6202237010002136,0.7288368344306946,0.8100245594978333
target,color_cast_s1,det_pseudo,1,75,888,0.6243067842715226,0.3600081592798233,0.5159114450216293,0.6583583056926727,0.7558882236480713,0.8291150629520416
target,color_cast_s1,det_pseudo,3,50,1218,0.5944288587090613,0.34281339049339293,0.4547264203429222,0.6200986504554749,0.7285787910223007,0.8100412786006926
target,color_cast_s1,det_pseudo,3,75,887,0.6239740019653669,0.36122177839279174,0.5149971544742584,0.6589093208312988,0.7543850541114807,0.8291065335273743
target,color_cast_s1,det_pseudo_clip_radius,1,50,1220,0.592974709438496,0.333940914273262,0.4576839953660965,0.6175007224082947,0.7293019741773605,0.810328495502472
target,color_cast_s1,det_pseudo_clip_radius,1,75,884,0.624700368327253,0.36000438332557677,0.5162102729082108,0.6596638262271881,0.7559732049703598,0.8290727317333222
target,color_cast_s1,det_pseudo_clip_radius,3,50,1220,0.593729529346599,0.33881982266902927,0.45781177282333374,0.6190712153911591,0.7296697050333023,0.8102610349655152
target,color_cast_s1,det_pseudo_clip_radius,3,75,885,0.6245456740175936,0.3488513946533203,0.5159865617752075,0.6610490083694458,0.7562081217765808,0.8292793750762939
target,color_cast_s2,no_adapt,0,50,1197,0.5893095864438971,0.3282092273235321,0.4577566385269165,0.6096006035804749,0.725599467754364,0.8041008114814758
target,color_cast_s2,no_adapt,0,75,871,0.6198293562940013,0.35362493991851807,0.5007045269012451,0.6538419127464294,0.7542908787727356,0.8236252069473267
target,color_cast_s2,global_generic,1,50,1199,0.5886112906417815,0.3252213835716248,0.4563000351190567,0.6103652715682983,0.7251206338405609,0.8035774230957031
target,color_cast_s2,global_generic,1,75,874,0.6186274757578935,0.35337423086166386,0.4973241612315178,0.6526748538017273,0.7536705434322357,0.8224641263484955
target,color_cast_s2,global_generic,3,50,1199,0.5891456506195617,0.3255507230758667,0.4579014182090759,0.6115716099739075,0.725196897983551,0.8036600470542908
target,color_cast_s2,global_generic,3,75,870,0.6202126242306041,0.3563636749982834,0.5017526894807816,0.6533313095569611,0.7540789246559143,0.8221411943435669
target,color_cast_s2,det_pseudo,1,50,1200,0.5887655560548107,0.32714534997940065,0.4573380649089813,0.6076754033565521,0.7244924902915955,0.803543609380722
target,color_cast_s2,det_pseudo,1,75,871,0.6204369944594074,0.3615575432777405,0.5008785724639893,0.653541624546051,0.7543654441833496,0.8231728076934814
target,color_cast_s2,det_pseudo,3,50,1200,0.5892883493751288,0.327714341878891,0.45808909833431244,0.6094569265842438,0.7246961742639542,0.8049918591976166
target,color_cast_s2,det_pseudo,3,75,876,0.6182892317777355,0.35168807208538055,0.49776697158813477,0.6542800664901733,0.7538079619407654,0.8224178850650787
target,color_cast_s2,det_pseudo_clip_radius,1,50,1199,0.589233952788038,0.3275349795818329,0.4578684866428375,0.6100630760192871,0.7256567776203156,0.803787910938263
target,color_cast_s2,det_pseudo_clip_radius,1,75,870,0.6205217792727481,0.35690239667892454,0.5010990798473358,0.6537849307060242,0.7543857544660568,0.8227790832519531
target,color_cast_s2,det_pseudo_clip_radius,3,50,1201,0.5884972389393504,0.32581982016563416,0.4572407603263855,0.61027592420578,0.7250644564628601,0.8040807247161865
target,color_cast_s2,det_pseudo_clip_radius,3,75,872,0.6199640016661051,0.35491600036621096,0.49893907457590103,0.6538452506065369,0.75465127825737,0.8218941390514374
target,clean_s0,no_adapt,0,50,1232,0.5983275346240247,0.3491888701915741,0.4680887535214424,0.6203815639019012,0.7337953746318817,0.8092987298965455
target,clean_s0,no_adapt,0,75,914,0.6277548051897754,0.36152510046958924,0.5163163840770721,0.6625432372093201,0.756933182477951,0.8277824342250824
target,clean_s0,global_generic,1,50,1234,0.5978555059969135,0.34919544756412507,0.4661126136779785,0.6213569641113281,0.7323596775531769,0.808872950077057
target,clean_s0,global_generic,1,75,919,0.6261910265787901,0.36222808361053466,0.510357528924942,0.6601292490959167,0.7561429738998413,0.8275477528572083
target,clean_s0,global_generic,3,50,1239,0.5970091864743283,0.34636295437812803,0.4613300561904907,0.620861828327179,0.731762707233429,0.8086815118789673
target,clean_s0,global_generic,3,75,906,0.6296548690589322,0.36675071716308594,0.5162650495767593,0.6625377237796783,0.7568686157464981,0.8284192681312561
target,clean_s0,det_pseudo,1,50,1235,0.5973217666873083,0.34506479501724246,0.46266166865825653,0.6191783547401428,0.7333241999149323,0.8096259951591491
target,clean_s0,det_pseudo,1,75,916,0.6268767879942359,0.36147540807724,0.5142084956169128,0.6609843969345093,0.757158100605011,0.8271076679229736
target,clean_s0,det_pseudo,3,50,1232,0.5985498373795833,0.3487968802452088,0.46573201566934586,0.6213021874427795,0.7342625856399536,0.8104331612586975
target,clean_s0,det_pseudo,3,75,910,0.6285594862896008,0.3628619968891144,0.5184291154146194,0.6637077927589417,0.7563256621360779,0.8276176989078522
target,clean_s0,det_pseudo_clip_radius,1,50,1236,0.5979446133773496,0.3491050899028778,0.4661581218242645,0.6217702031135559,0.7332037389278412,0.8094896078109741
target,clean_s0,det_pseudo_clip_radius,1,75,919,0.6257174483645338,0.3604675233364105,0.5128333866596222,0.6603910326957703,0.7568652629852295,0.827130138874054
target,clean_s0,det_pseudo_clip_radius,3,50,1237,0.5976735083996141,0.34870578646659856,0.4626937508583069,0.6216084361076355,0.7331559658050537,0.8103105187416078
target,clean_s0,det_pseudo_clip_radius,3,75,917,0.625656405201785,0.3574608564376831,0.5112450122833252,0.6609719395637512,0.7577645778656006,0.8280180096626282
