episode	image_id	case	support_count	native_loss	native_norm	native_chain_rel	native_chain_cos	component_sum_diagnostic	multi_relative	rng_restored
0	304815	clean_s0	4	0.2728840112686157	0.10524559593663026	4.257933423888924e-07	0.9999999999999671	False	0.00019207645359237274	True
1	304815	gamma_s2	4	0.26736655831336975	0.05593364617407511	4.1346149544803693e-07	0.9999999999999165	False	0.0003094995466283689	True
2	131976	clean_s0	18	0.7095829248428345	0.12746240345490698	4.987652114298973e-07	0.9999999999998839	False	0.00034296599084000426	True
3	131976	contrast_s2	7	0.4538360834121704	0.3128757344946652	6.372249981238966e-07	0.9999999999998256	False	0.00033265013542533195	True
4	507312	clean_s0	2	0.08798843622207642	0.04113858575589747	5.144879905887045e-07	0.9999999999998678	False	0.0005969479584698834	True
5	507312	color_cast_s2	2	0.11239089071750641	0.09492911198269612	3.9088691361386346e-07	0.9999999999999353	False	0.00028286567691892373	True
6	517967	clean_s0	5	0.35918495059013367	0.27728417768184166	1.9392293571825372e-07	0.9999999999999885	False	0.00024624598819925964	True
7	517967	gamma_s2	3	0.16936804354190826	0.045570950668477626	6.58530496000742e-07	0.9999999999997874	False	0.00024200606279160063	True
8	27717	clean_s0	4	0.4456283748149872	0.29512285684951434	4.747124287937249e-07	0.9999999999998912	False	0.0004229832139296522	True
9	27717	contrast_s2	4	0.56321120262146	0.48396745428861354	6.55973082439546e-07	0.9999999999997892	False	0.0005097763661837219	True
10	74938	clean_s0	1	0.06424553692340851	0.07636561813467552	3.8053886544164044e-07	0.9999999999999448	False	0.00031207002294786877	True
11	74938	color_cast_s2	3	0.1927964985370636	0.34794092247804764	3.5704229962470395e-07	0.9999999999999364	False	0.0002872284623438624	True
12	347235	clean_s0	2	0.0807354673743248	0.18588675356800394	5.011072415616049e-07	0.999999999999887	False	0.00024119212848965456	True
13	347235	gamma_s2	2	0.04242504760622978	0.033453553391114	4.287314491240768e-07	0.9999999999999397	False	0.0004812103793004615	True
14	413056	clean_s0	18	0.5692972540855408	0.13443913508142688	4.7619914196339267e-07	0.9999999999998936	False	0.0006244077279806517	True
15	413056	contrast_s2	15	0.4177897870540619	0.3409596463014082	2.8225940960445135e-07	0.999999999999962	False	0.00029476170208460225	True
16	574579	clean_s0	1	0.03562895953655243	0.010217606784356223	2.2675991407652094e-07	0.9999999999999752	False	0.00041789821519273986	True
17	574579	color_cast_s2	1	0.022636454552412033	0.005610398611546409	7.96847992896922e-07	0.9999999999996958	False	0.000657722622989401	True
18	403948	clean_s0	16	0.6220085620880127	0.289041330997764	2.88675738370645e-07	0.9999999999999741	False	0.0005242577738278906	True
19	403948	gamma_s2	13	0.5187482833862305	0.3270329173772482	1.56100759454046e-07	0.9999999999999943	False	9.529289268268489e-05	True
20	363645	clean_s0	20	0.515544056892395	0.12779012148541663	1.6968877484375269e-07	0.999999999999986	False	0.00018983076459524	True
21	363645	contrast_s2	20	0.5892756581306458	0.1843686085800436	5.389590608365842e-07	0.9999999999998614	False	0.0003208747067634514	True
22	32954	clean_s0	9	0.558129608631134	0.40532979548575593	1.8395188965039168e-07	0.9999999999999865	False	9.820301963103327e-05	True
23	32954	color_cast_s2	8	0.5009010434150696	0.1452071995437459	1.6900796644211434e-06	0.999999999998572	False	0.0007981038092690661	True
24	537864	clean_s0	3	0.1896282583475113	0.24946224953403698	1.8159476012279348e-07	0.9999999999999883	False	0.00040613026731544093	True
25	537864	gamma_s2	5	0.3757493197917938	0.27370409543097435	4.3658500940456043e-07	0.9999999999999069	False	0.0006282461426129165	True
26	549324	clean_s0	2	0.08364502340555191	0.012302853652751054	1.1668725572107838e-06	0.9999999999993304	False	0.001011122479334182	True
27	549324	contrast_s2	2	0.1296016275882721	0.1527343457300932	1.6621222829323983e-07	0.9999999999999866	False	0.00018257226903006332	True
28	146773	clean_s0	9	0.5419267416000366	0.16004157906188787	4.2113298726208623e-07	0.9999999999999513	False	0.00045658993495627454	True
29	146773	color_cast_s2	14	0.5696601271629333	0.14282765454732885	4.5627098255257725e-07	0.999999999999951	False	0.0007836437021401958	True
30	391657	clean_s0	6	0.30082443356513977	0.2770565271904486	1.9582525304082205e-07	0.99999999999999	False	0.00023510407456225806	True
31	391657	gamma_s2	4	0.24188587069511414	0.38793047184055907	2.0201677101491714e-07	0.9999999999999869	False	0.001239206640729154	True
32	215341	clean_s0	20	0.3733396828174591	0.12246216824423176	2.9926082876506396e-07	0.9999999999999734	False	0.0004247018517903541	True
33	215341	contrast_s2	20	0.3426733613014221	0.28688903393032494	2.951309551188544e-07	0.9999999999999591	False	0.00031363041248680097	True
34	141348	clean_s0	4	0.1027134358882904	0.0659575746873014	2.3449690447398638e-07	0.9999999999999807	False	0.00027860447712592834	True
35	141348	color_cast_s2	4	0.1151866614818573	0.12155420276231166	2.1859527971072085e-07	0.9999999999999776	False	0.00019892996881740914	True
36	59666	clean_s0	6	0.40405958890914917	0.13200016690674035	9.94376907582046e-07	0.9999999999996356	False	0.0003648327200918685	True
37	59666	gamma_s2	7	0.5982270240783691	0.8976035886776108	1.9916339375072336e-07	0.9999999999999816	False	0.0006171953731468763	True
38	200495	clean_s0	16	0.5282855033874512	0.10301335289691514	2.767388262405098e-07	0.9999999999999627	False	0.00021549518725672728	True
39	200495	contrast_s2	2	0.15299084782600403	0.32491059081427737	1.7149632049992307e-07	0.9999999999999869	False	0.0002799395060668889	True
40	216044	clean_s0	8	0.6985759139060974	0.5082417826258051	1.857097772103892e-07	0.9999999999999828	False	8.42023445019476e-05	True
41	216044	color_cast_s2	6	0.5578261613845825	0.483281953063909	2.3755313338617928e-07	0.9999999999999872	False	0.0003196153768230355	True
42	153340	clean_s0	4	0.3398820459842682	0.130608038717398	1.3516334721106022e-07	0.9999999999999943	False	0.00024129813805749003	True
43	153340	gamma_s2	3	0.16567879915237427	0.11017943221914446	4.5207904586399546e-07	0.9999999999999001	False	0.00048681464650816836	True
44	353858	clean_s0	5	0.36561402678489685	0.1337211818041297	6.401007826612582e-07	0.9999999999998312	False	0.0003691187208612808	True
45	353858	contrast_s2	3	0.2592652142047882	0.09757922856813646	7.911848024883141e-07	0.9999999999996919	False	0.0003227287273287601	True
46	224548	clean_s0	9	0.42364978790283203	0.371908392775398	1.3785165190626394e-07	0.9999999999999923	False	0.00022828216066812183	True
47	224548	color_cast_s2	7	0.29531142115592957	0.1046318707581113	4.097330917240652e-07	0.9999999999999244	False	0.0003108720134763805	True
48	173445	clean_s0	4	0.08398302644491196	0.10020817797193333	1.2379844336765873e-07	0.9999999999999934	False	0.00026880210926630434	True
49	173445	gamma_s2	4	0.0801258310675621	0.09044458867124769	2.91626346424372e-07	0.999999999999973	False	0.00021755040918943047	True
50	187283	clean_s0	11	0.5331445336341858	0.10343154463692407	4.0929268634979256e-07	0.9999999999999307	False	0.00045095160277106966	True
51	187283	contrast_s2	12	0.6010823845863342	0.39221926459881357	2.87300322440265e-07	0.9999999999999616	False	0.0001743228927238144	True
52	123598	clean_s0	1	0.017612580209970474	0.00595961084202375	1.0839819368248915e-06	0.999999999999507	False	0.0013142159146595602	True
53	123598	color_cast_s2	1	0.0286074448376894	0.005121868260654814	8.08520802790849e-07	0.9999999999996795	False	0.0012046087631086173	True
54	323558	clean_s0	20	0.3873790502548218	0.09892783705981013	4.7279851048744035e-07	0.9999999999998961	False	0.00019551975803169447	True
55	323558	gamma_s2	20	0.45250368118286133	0.07298313072083976	5.544264820036629e-07	0.9999999999998472	False	0.0009517700364266702	True
56	28010	clean_s0	9	0.6297798752784729	0.37756985298832635	4.675044323463735e-07	0.9999999999998982	False	0.00038779335446151395	True
57	28010	contrast_s2	8	0.6937205195426941	0.6204882276332611	4.604838574170981e-07	0.9999999999999369	False	0.0002467007889167493	True
58	579594	clean_s0	2	0.040616512298583984	0.007996984355622901	6.76073361100137e-07	0.9999999999998065	False	0.0006529916614995086	True
59	579594	color_cast_s2	2	0.04967712610960007	0.01118443193540006	7.01922301829989e-07	0.9999999999997614	False	0.0004997105893148118	True
60	238603	clean_s0	2	0.05263235419988632	0.016065656242188767	5.406812257177718e-07	0.9999999999999095	False	0.0002457223198434732	True
61	238603	gamma_s2	2	0.07444498687982559	0.01867513254760596	3.9249019833253647e-07	0.9999999999999288	False	0.00039908141040745544	True
62	447363	clean_s0	10	0.607519805431366	0.25425566650622783	6.376470593948398e-07	0.999999999999808	False	0.00048222584922208574	True
63	447363	contrast_s2	5	0.41093552112579346	0.16466024537114493	1.3405933930891712e-06	0.9999999999995952	False	0.00048111867467852046	True
64	198775	clean_s0	5	0.27645760774612427	0.15979587015894692	3.328358140450256e-07	0.9999999999999544	False	0.00024382805650579445	True
65	198775	color_cast_s2	3	0.18097630143165588	0.13778580772370194	4.342212345418652e-07	0.9999999999999083	False	0.00046717237468614584	True
66	107259	clean_s0	2	0.140941321849823	0.07096882081018066	5.890988427221937e-07	0.9999999999998281	False	0.00039647327960574974	True
67	107259	gamma_s2	3	0.19032235443592072	0.05940357845455506	3.346588178780048e-07	0.9999999999999455	False	0.0003762922419282956	True
68	2755	clean_s0	11	0.6244864463806152	0.19769576067804148	3.8342831998516277e-07	0.9999999999999416	False	0.0004998858347478785	True
69	2755	contrast_s2	13	0.9994626641273499	0.39580197406515666	7.067040348933336e-07	0.9999999999997592	False	0.0006742207616832567	True
70	179209	clean_s0	20	0.7854605913162231	0.11971885238302574	2.408379673519031e-07	0.9999999999999722	False	0.000864445643291332	True
71	179209	color_cast_s2	20	0.692554235458374	0.27231694657152333	9.241778650355792e-08	0.9999999999999959	False	0.00022213011236606783	True
72	362226	clean_s0	20	0.5638194680213928	0.05889356620394255	1.995243792602757e-06	0.9999999999981608	False	0.0029572469041686017	True
73	362226	gamma_s2	19	0.4883560538291931	0.12720107298703262	6.720845563008335e-07	0.9999999999997751	False	0.00041838265348100376	True
74	219472	clean_s0	11	0.49868881702423096	0.16316558727045719	4.789396632723915e-07	0.9999999999998873	False	0.00029902800220535814	True
75	219472	contrast_s2	6	0.19444306194782257	0.18370753936646697	5.945528030054249e-07	0.9999999999998684	False	0.0007691067774649549	True
76	461458	clean_s0	9	0.7538713812828064	0.29288149763584204	5.547877822030093e-07	0.9999999999998681	False	0.0002891934757562061	True
77	461458	color_cast_s2	6	0.4513654410839081	1.1108265753613569	1.3516402931211425e-07	0.9999999999999916	False	0.0003115138757600919	True
78	13595	clean_s0	7	0.2547491788864136	0.08791505413866273	5.208646666335026e-07	0.9999999999998775	False	0.0006249527431963051	True
79	13595	gamma_s2	8	0.43194323778152466	0.2232254238131212	1.6912572149037643e-07	0.9999999999999887	False	0.00024246178015016926	True
80	3242	clean_s0	20	0.6537963151931763	0.1942482766187641	2.1616596003261224e-07	0.9999999999999784	False	0.0002098770780092499	True
81	3242	contrast_s2	3	0.10912346839904785	0.21391078976044914	6.776458795028084e-07	0.9999999999997995	False	0.0012381648051990415	True
82	569535	clean_s0	16	0.3733101189136505	0.2977295367787441	1.9239556454271977e-07	0.9999999999999821	False	0.00016967622806592469	True
83	569535	color_cast_s2	13	0.3421355187892914	0.21495949562317584	4.858903520247967e-07	0.999999999999886	False	9.625039141778846e-05	True
84	86696	clean_s0	16	0.488198846578598	0.2193986255394787	6.557903204241719e-07	0.9999999999998596	False	0.0003601082254057768	True
85	86696	gamma_s2	13	0.500754714012146	0.26325241791973386	4.973986479948693e-07	0.9999999999999087	False	0.0004953244066123059	True
86	461283	clean_s0	2	0.0324523001909256	0.005034289935452152	1.181269259762446e-06	0.9999999999993568	False	0.0018228936158469677	True
87	461283	contrast_s2	2	0.03852599486708641	0.05116495929361043	2.0592364687165524e-07	0.9999999999999879	False	0.000297063873693352	True
88	406286	clean_s0	5	0.3853294253349304	0.07057637168567674	1.2153014868013814e-06	0.9999999999992725	False	0.0002692739722749132	True
89	406286	color_cast_s2	4	0.28464752435684204	0.0852681908017051	7.94924400356522e-07	0.9999999999997121	False	0.00021185334552057143	True
90	79354	clean_s0	4	0.3561176061630249	0.34618394787394596	2.2161880224967595e-07	0.9999999999999812	False	0.00027924628116217067	True
91	79354	gamma_s2	5	0.42258012294769287	0.32559354583278227	1.228395211932834e-06	0.9999999999997945	False	0.0005759702167050253	True
92	335132	clean_s0	2	0.048271507024765015	0.021504680472303476	3.6876573449874493e-07	0.9999999999999352	False	0.00030578433909935414	True
93	335132	contrast_s2	2	0.051327627152204514	0.032811923214643685	4.91374866594649e-07	0.9999999999998892	False	0.0003927486279467458	True
94	295308	clean_s0	6	0.19325989484786987	0.35448624750452506	1.1691144803395258e-07	0.999999999999994	False	0.0001545806357133919	True
95	295308	color_cast_s2	6	0.2342253029346466	0.12563228698874282	3.984908697974635e-07	0.9999999999999255	False	0.00020699704488507168	True
96	241531	clean_s0	2	0.16466772556304932	0.19140084823824108	3.195099311506407e-07	0.999999999999949	False	0.00032417831938045096	True
97	241531	gamma_s2	2	0.2486700713634491	0.20927256488375987	8.086132185753308e-07	0.9999999999996754	False	0.0003696027700628432	True
98	2444	clean_s0	9	0.7739107012748718	0.40371462609138314	1.4284039676229324e-07	0.9999999999999898	False	0.00027518285908349906	True
99	2444	contrast_s2	7	0.5501431822776794	0.2247466071819315	8.752763701219602e-07	0.9999999999997594	False	0.00042549530047431277	True
100	56997	clean_s0	3	0.19443686306476593	0.46901378422807816	1.0617856938091815e-07	0.9999999999999951	False	8.959363914185634e-05	True
101	56997	color_cast_s2	3	0.2039334625005722	0.14321266863147492	1.3203444032415227e-07	0.9999999999999939	False	0.00018621871426597244	True
102	450631	clean_s0	1	0.029955340549349785	0.018354249392749468	4.2344479112486954e-07	0.9999999999999323	False	0.00017311303861394572	True
103	450631	gamma_s2	2	0.10206940770149231	0.02338827293892366	1.829607140096975e-06	0.9999999999988728	False	0.0006430280943003334	True
104	15525	clean_s0	3	0.0591135174036026	0.06347819433465497	3.3309575490760643e-07	0.9999999999999821	False	0.0003051644375215215	True
105	15525	contrast_s2	1	0.034132227301597595	0.18626303920113985	2.5281487445248664e-07	0.9999999999999704	False	0.0003221161845321759	True
106	25142	clean_s0	20	0.4998875856399536	0.09038262259328429	2.7568568299797227e-07	0.9999999999999644	False	0.0007888037555772823	True
107	25142	color_cast_s2	20	0.47028565406799316	0.14424910391851542	6.184161016597978e-08	0.999999999999999	False	0.00039599314838891983	True
108	221343	clean_s0	5	0.268253356218338	0.4125259541734875	1.4767330208161397e-07	0.9999999999999897	False	0.00011981819484009523	True
109	221343	gamma_s2	5	0.22382183372974396	0.11446453668300531	3.486492036593836e-07	0.999999999999952	False	0.0009159997283684839	True
110	281745	clean_s0	9	0.4880352318286896	0.1394437978708199	6.826182925463423e-07	0.9999999999997791	False	0.0005972074867052841	True
111	281745	contrast_s2	4	0.24577783048152924	0.15325449464879315	1.3300507040632696e-06	0.9999999999992013	False	0.000702112109333932	True
112	515136	clean_s0	8	0.560322105884552	0.15578578641037216	6.191386730915012e-07	0.9999999999998187	False	0.00034719867110929255	True
113	515136	color_cast_s2	4	0.31045177578926086	0.18140065634221064	2.888235574554295e-07	0.9999999999999599	False	0.00040493452990479243	True
114	561761	clean_s0	20	0.4626196324825287	0.19416846126496196	3.489290500532536e-07	0.99999999999994	False	0.0004059629533065056	True
115	561761	gamma_s2	20	0.45836493372917175	0.09773540475816053	3.6143676878804326e-07	0.9999999999999349	False	0.000538403543732937	True
116	556216	clean_s0	6	0.2873864471912384	0.07943831191055431	9.554773419178596e-07	0.9999999999997189	False	0.001029410759690653	True
117	556216	contrast_s2	8	0.4583207666873932	0.14925032245504496	5.873068062477869e-07	0.9999999999998316	False	0.0007176531186628382	True
118	555722	clean_s0	6	0.21231870353221893	0.12010056585232291	1.7851166833976338e-07	0.9999999999999915	False	0.00024320642956692884	True
119	555722	color_cast_s2	6	0.27630820870399475	0.19987523795247616	1.5125359582528763e-07	0.9999999999999886	False	0.0004005840270952803	True
