group,detector,variant,case,AP,AP50,AP75,AP_delta_no_adapt,AP50_delta_no_adapt,AP75_delta_no_adapt,AP_delta_global_generic,AP50_delta_global_generic,AP75_delta_global_generic,AP_delta_det_pseudo,AP50_delta_det_pseudo,AP75_delta_det_pseudo
aggregate,source,no_adapt,gamma_s1,23.518976897689768,36.0519801980198,25.65181518151815,0.0,0.0,0.0,0.1399889988998898,-0.11688668866886576,1.4933993399339929,1.7784278427842777,0.09563456345634824,7.17409240924092
aggregate,source,no_adapt,gamma_s2,20.50817581758176,36.13236323632363,16.584158415841586,0.0,0.0,0.0,1.0019030749228774,-0.6620854393131703,-1.2947448591012933,-0.5514926492649258,0.0,-1.0519801980198
aggregate,source,no_adapt,contrast_s1,23.21463932107496,47.96852899575672,18.935643564356436,0.0,0.0,0.0,1.0099009900990052,5.049504950495054,0.0,3.7326732673267276,17.549504950495056,-8.16831683168317
aggregate,source,no_adapt,contrast_s2,26.76258250825082,65.79001650165017,7.013201320132012,0.0,0.0,0.0,0.0,0.0,0.0,3.341584158415839,0.0,0.0
aggregate,source,no_adapt,color_cast_s1,20.91501650165016,35.396039603960396,23.59735973597359,0.0,0.0,0.0,-1.925792579257929,-2.8402840284028397,0.0,-3.0602310231023138,-1.4438943894389489,-1.051980198019803
aggregate,source,no_adapt,color_cast_s2,19.879537953795378,36.05610561056106,22.896039603960396,0.0,0.0,0.0,0.30174446016029977,0.3771805752003865,0.0,0.30174446016029977,0.3771805752003865,0.0
aggregate,source,no_adapt,clean_s0,23.83800880088009,35.17601760176018,28.86413641364137,0.0,0.0,0.0,0.9262926292629314,0.9680968096809739,1.7601760176017611,0.38778877887789,-1.9526952695269495,0.0
aggregate,source,global_generic,gamma_s1,23.378987898789877,36.16886688668867,24.15841584158416,-0.1399889988998898,0.11688668866886576,-1.4933993399339929,0.0,0.0,0.0,1.6384388438843878,0.212521252125214,5.680693069306927
aggregate,source,global_generic,gamma_s2,19.50627274265888,36.7944486756368,17.87890327494288,-1.0019030749228774,0.6620854393131703,1.2947448591012933,0.0,0.0,0.0,-1.5533957241878031,0.6620854393131703,0.2427646610814932
aggregate,source,global_generic,contrast_s1,22.204738330975953,42.919024045261665,18.935643564356436,-1.0099009900990052,-5.049504950495054,0.0,0.0,0.0,0.0,2.7227722772277225,12.5,-8.16831683168317
aggregate,source,global_generic,contrast_s2,26.76258250825082,65.79001650165017,7.013201320132012,0.0,0.0,0.0,0.0,0.0,0.0,3.341584158415839,0.0,0.0
aggregate,source,global_generic,color_cast_s1,22.84080908090809,38.23632363236323,23.59735973597359,1.925792579257929,2.8402840284028397,0.0,0.0,0.0,0.0,-1.134438443844385,1.3963896389638908,-1.051980198019803
aggregate,source,global_generic,color_cast_s2,19.577793493635077,35.67892503536068,22.896039603960396,-0.30174446016029977,-0.3771805752003865,0.0,0.0,0.0,0.0,0.0,0.0,0.0
aggregate,source,global_generic,clean_s0,22.911716171617158,34.20792079207921,27.103960396039607,-0.9262926292629314,-0.9680968096809739,-1.7601760176017611,0.0,0.0,0.0,-0.5385038503850414,-2.9207920792079234,-1.7601760176017611
aggregate,source,det_pseudo,gamma_s1,21.74054905490549,35.956345634563455,18.47772277227723,-1.7784278427842777,-0.09563456345634824,-7.17409240924092,-1.6384388438843878,-0.212521252125214,-5.680693069306927,0.0,0.0,0.0
aggregate,source,det_pseudo,gamma_s2,21.059668466846684,36.13236323632363,17.636138613861384,0.5514926492649258,0.0,1.0519801980198,1.5533957241878031,-0.6620854393131703,-0.2427646610814932,0.0,0.0,0.0
aggregate,source,det_pseudo,contrast_s1,19.48196605374823,30.419024045261665,27.103960396039607,-3.7326732673267276,-17.549504950495056,8.16831683168317,-2.7227722772277225,-12.5,8.16831683168317,0.0,0.0,0.0
aggregate,source,det_pseudo,contrast_s2,23.42099834983498,65.79001650165017,7.013201320132012,-3.341584158415839,0.0,0.0,-3.341584158415839,0.0,0.0,0.0,0.0,0.0
aggregate,source,det_pseudo,color_cast_s1,23.975247524752476,36.83993399339934,24.649339933993396,3.0602310231023138,1.4438943894389489,1.051980198019803,1.134438443844385,-1.3963896389638908,1.051980198019803,0.0,0.0,0.0
aggregate,source,det_pseudo,color_cast_s2,19.577793493635077,35.67892503536068,22.896039603960396,-0.30174446016029977,-0.3771805752003865,0.0,0.0,0.0,0.0,0.0,0.0,0.0
aggregate,source,det_pseudo,clean_s0,23.4502200220022,37.12871287128713,28.86413641364137,-0.38778877887789,1.9526952695269495,0.0,0.5385038503850414,2.9207920792079234,1.7601760176017611,0.0,0.0,0.0
aggregate,source,det_pseudo_clip_radius,gamma_s1,22.31158115811581,35.956345634563455,18.36933693369337,-1.2073957395739576,-0.09563456345634824,-7.2824782478247805,-1.067406740674068,-0.212521252125214,-5.789078907890788,0.5710321032103199,0.0,-0.10838583858386042
aggregate,source,det_pseudo_clip_radius,gamma_s2,21.094734473447346,36.13236323632363,17.986798679867984,0.5865586558655878,0.0,1.4026402640264002,1.5884617307884652,-0.6620854393131703,0.10789540492510685,0.03506600660066195,0.0,0.35066006600660005
aggregate,source,det_pseudo_clip_radius,contrast_s1,20.281471004243283,35.46852899575672,27.103960396039607,-2.9331683168316776,-12.5,8.16831683168317,-1.923267326732672,-7.450495049504946,8.16831683168317,0.7995049504950502,5.049504950495054,0.0
aggregate,source,det_pseudo_clip_radius,contrast_s2,26.387317303158888,66.35431400282886,9.818481848184817,-0.37526520509193473,0.5642975011786788,2.8052805280528044,-0.37526520509193473,0.5642975011786788,2.8052805280528044,2.9663189533239045,0.5642975011786788,2.8052805280528044
aggregate,source,det_pseudo_clip_radius,color_cast_s1,23.13366336633663,36.83993399339934,24.649339933993396,2.2186468646864714,1.4438943894389489,1.051980198019803,0.29285428542854264,-1.3963896389638908,1.051980198019803,-0.8415841584158423,0.0,0.0
aggregate,source,det_pseudo_clip_radius,color_cast_s2,19.577793493635077,35.67892503536068,22.896039603960396,-0.30174446016029977,-0.3771805752003865,0.0,0.0,0.0,0.0,0.0,0.0,0.0
aggregate,source,det_pseudo_clip_radius,clean_s0,23.724028652865286,37.308730873087306,29.084158415841582,-0.11398014801480283,2.1327132713271304,0.22002200220021528,0.8123124812481286,3.1008100810081043,1.9801980198019764,0.27380863086308715,0.18001800180018068,0.22002200220021528
aggregate,target,no_adapt,gamma_s1,33.0515815867301,60.78677510608203,27.135838583858384,0.0,0.0,0.0,-0.40385853976771524,-0.1790341856782729,0.37841284128413144,-9.162812642218482,-0.2180265018983052,-11.907131327750713
aggregate,target,no_adapt,gamma_s2,33.556935237190125,59.514380009429516,27.04902197536827,0.0,0.0,0.0,-1.1260181421814341,-2.0780292314945714,0.7937178735295147,0.4058829066823477,0.06011315417255858,1.0240156285797442
aggregate,target,no_adapt,contrast_s1,42.34087090027684,57.29481739382729,39.10203520352035,0.0,0.0,0.0,0.13205249096338578,-0.8816595945308814,0.2917256011315428,-0.1800055005500567,-1.3325082508250818,0.0
aggregate,target,no_adapt,contrast_s2,28.314293929392935,57.98267326732673,22.8506600660066,0.0,0.0,0.0,-1.169475429685829,-2.6428892889288957,0.04810525695426726,-10.047720294007423,3.014497878359268,-7.078618576143326
aggregate,target,no_adapt,color_cast_s1,47.48151573246303,64.67131015427124,46.917240637107184,0.0,0.0,0.0,1.0906918286440803,3.1741782982284916,0.5417102269233143,0.9841088489175309,1.196158291258853,0.9925588832175092
aggregate,target,no_adapt,color_cast_s2,42.91855256954267,60.182303944680186,38.66886688668867,0.0,0.0,0.0,0.14636246233319383,0.0,0.254101497106235,1.370491513437061,-0.021216407355018063,0.0
aggregate,target,no_adapt,clean_s0,48.48899889988999,64.9601210121012,49.44444444444444,0.0,0.0,0.0,1.4239941851328042,-0.3811095395253816,4.510451045104514,3.110148514851485,0.0,2.9290429042904242
aggregate,target,global_generic,gamma_s1,33.45544012649781,60.96580929176031,26.757425742574252,0.40385853976771524,0.1790341856782729,-0.37841284128413144,0.0,0.0,0.0,-8.758954102450767,-0.0389923162200323,-12.285544169034846
aggregate,target,global_generic,gamma_s2,34.682953379371554,61.592409240924084,26.255304101838757,1.1260181421814341,2.0780292314945714,-0.7937178735295147,0.0,0.0,0.0,1.5319010488637819,2.13814238566713,0.23029775505022942
aggregate,target,global_generic,contrast_s1,42.20881840931345,58.176476988358175,38.81030960238881,-0.13205249096338578,0.8816595945308814,-0.2917256011315428,0.0,0.0,0.0,-0.3120579915134425,-0.45084865629420046,-0.2917256011315428
aggregate,target,global_generic,contrast_s2,29.483769359078764,60.62556255625563,22.80255480905233,1.169475429685829,2.6428892889288957,-0.04810525695426726,0.0,0.0,0.0,-8.878244864321594,5.657387167288164,-7.126723833097593
aggregate,target,global_generic,color_cast_s1,46.39082390381895,61.497131856042756,46.37553041018387,-1.0906918286440803,-3.1741782982284916,-0.5417102269233143,0.0,0.0,0.0,-0.1065829797265494,-1.9780200069696385,0.4508486562941949
aggregate,target,global_generic,color_cast_s2,42.772190107209475,60.182303944680186,38.414765389582435,-0.14636246233319383,0.0,-0.254101497106235,0.0,0.0,0.0,1.2241290511038672,-0.021216407355018063,-0.254101497106235
aggregate,target,global_generic,clean_s0,47.06500471475719,65.34123055162658,44.933993399339926,-1.4239941851328042,0.3811095395253816,-4.510451045104514,0.0,0.0,0.0,1.686154329718681,0.3811095395253816,-1.581408140814089
aggregate,target,det_pseudo,gamma_s1,42.214394228948585,61.00480160798034,39.0429699116091,9.162812642218482,0.2180265018983052,11.907131327750713,8.758954102450767,0.0389923162200323,12.285544169034846,0.0,0.0,0.0
aggregate,target,det_pseudo,gamma_s2,33.151052330507774,59.454266855256954,26.025006346788526,-0.4058829066823477,-0.06011315417255858,-1.0240156285797442,-1.5319010488637819,-2.13814238566713,-0.23029775505022942,0.0,0.0,0.0
aggregate,target,det_pseudo,contrast_s1,42.52087640082689,58.62732564465237,39.10203520352035,0.1800055005500567,1.3325082508250818,0.0,0.3120579915134425,0.45084865629420046,0.2917256011315428,0.0,0.0,0.0
aggregate,target,det_pseudo,contrast_s2,38.36201422340036,54.96817538896747,29.929278642149924,10.047720294007423,-3.014497878359268,7.078618576143326,8.878244864321594,-5.657387167288164,7.126723833097593,0.0,0.0,0.0
aggregate,target,det_pseudo,color_cast_s1,46.4974068835455,63.47515186301239,45.92468175388967,-0.9841088489175309,-1.196158291258853,-0.9925588832175092,0.1065829797265494,1.9780200069696385,-0.4508486562941949,0.0,0.0,0.0
aggregate,target,det_pseudo,color_cast_s2,41.54806105610561,60.2035203520352,38.66886688668867,-1.370491513437061,0.021216407355018063,0.0,-1.2241290511038672,0.021216407355018063,0.254101497106235,0.0,0.0,0.0
aggregate,target,det_pseudo,clean_s0,45.378850385038504,64.9601210121012,46.515401540154016,-3.110148514851485,0.0,-2.9290429042904242,-1.686154329718681,-0.3811095395253816,1.581408140814089,0.0,0.0,0.0
aggregate,target,det_pseudo_clip_radius,gamma_s1,33.08646804729534,61.50574455941835,27.2360253266706,0.03488646056524214,0.7189694533363156,0.10018674281221385,-0.3689720792024731,0.5399352676580427,0.4785995840963453,-9.12792618165324,0.5009429514380104,-11.8069445849385
aggregate,target,det_pseudo_clip_radius,gamma_s2,33.41818834791547,59.46892860017709,26.888169586189388,-0.13874688927465462,-0.0454514092524283,-0.16085238917888378,-1.2647650314560888,-2.1234806407469997,0.632865484350631,0.2671360174076931,0.014661744920130282,0.8631632394008604
aggregate,target,det_pseudo_clip_radius,contrast_s1,42.52087640082689,58.62732564465237,39.10203520352035,0.1800055005500567,1.3325082508250818,0.0,0.3120579915134425,0.45084865629420046,0.2917256011315428,0.0,0.0,0.0
aggregate,target,det_pseudo_clip_radius,contrast_s2,39.6463735816075,58.359501994975616,35.371287128712865,11.33207965221456,0.3768287276488813,12.520627062706263,10.162604222528731,-2.2660605612800144,12.56873231966053,1.2843593582071378,3.3913266060081493,5.442008486562938
aggregate,target,det_pseudo_clip_radius,color_cast_s1,46.91538618147529,63.500100010001006,45.92468175388967,-0.5661295509877429,-1.1712101442702405,-0.9925588832175092,0.5245622776563375,2.002968153958251,-0.4508486562941949,0.41797929792978805,0.024948146988612585,0.0
aggregate,target,det_pseudo_clip_radius,color_cast_s2,42.92491749174917,60.2035203520352,38.66886688668867,0.0063649222065031985,0.021216407355018063,0.0,0.15272738453969703,0.021216407355018063,0.254101497106235,1.3768564356435642,0.0,0.0
aggregate,target,det_pseudo_clip_radius,clean_s0,48.14855716340865,64.97630532283998,49.44444444444444,-0.340441736481345,0.01618431073877602,0.0,1.0835524486514592,-0.3649252287866056,4.510451045104514,2.76970677837014,0.01618431073877602,2.9290429042904242
aggregate,ssd,no_adapt,gamma_s1,23.074422442244224,48.63083451202263,16.707920792079207,0.0,0.0,0.0,-0.08618379695112255,-0.4944798051233712,0.0,-0.6162683301297184,0.9907820452374871,0.0
aggregate,ssd,no_adapt,gamma_s2,22.635680234690135,46.38338833883388,12.5,0.0,0.0,0.0,-0.46839803027921845,-1.088323118026091,0.0,-0.07425742574257432,-0.7425742574257432,0.0
aggregate,ssd,no_adapt,contrast_s1,11.277464085931138,36.59510662604722,4.36976389946687,0.0,0.0,0.0,0.20522629896562866,-0.7767109128495264,0.16184310738766167,-0.1843209639483756,0.03779980772352087,0.16184310738766167
aggregate,ssd,no_adapt,contrast_s2,21.82534872480383,42.999071074155474,12.5,0.0,0.0,0.0,-3.785677603392898,-10.49512233014736,0.0,0.5065918491162641,3.1338345505031118,-2.805280528052803
aggregate,ssd,no_adapt,color_cast_s1,38.2066325053558,61.85180360141278,41.584158415841586,0.0,0.0,0.0,0.038362376456119174,2.2964141001985072,-0.07939473192602464,12.031832882536369,13.049351927673985,24.876237623762375
aggregate,ssd,no_adapt,color_cast_s2,33.910225233049616,57.71061316657982,41.584158415841586,0.0,0.0,0.0,0.0010689328042101653,0.010689328042112756,0.0,11.238692695180447,12.510689328042119,24.876237623762375
aggregate,ssd,no_adapt,clean_s0,26.698336995167082,52.02104267498709,16.707920792079207,0.0,0.0,0.0,0.12321836579262668,0.08704167120008321,0.0,0.1649755546274223,0.6786969019482614,0.0
aggregate,ssd,global_generic,gamma_s1,23.160606239195346,49.125314317146,16.707920792079207,0.08618379695112255,0.4944798051233712,0.0,0.0,0.0,0.0,-0.5300845331785958,1.4852618503608583,0.0
aggregate,ssd,global_generic,gamma_s2,23.104078264969356,47.47171145685997,12.5,0.46839803027921845,1.088323118026091,0.0,0.0,0.0,0.0,0.3941406045366441,0.3457488606003478,0.0
aggregate,ssd,global_generic,contrast_s1,11.072237786965509,37.37181753889674,4.207920792079208,-0.20522629896562866,0.7767109128495264,-0.16184310738766167,0.0,0.0,0.0,-0.38954726291400427,0.8145107205730473,0.0
aggregate,ssd,global_generic,contrast_s2,25.61102632819673,53.494193404302834,12.5,3.785677603392898,10.49512233014736,0.0,0.0,0.0,0.0,4.292269452509162,13.628956880650472,-2.805280528052803
aggregate,ssd,global_generic,color_cast_s1,38.16827012889968,59.55538950121427,41.66355314776761,-0.038362376456119174,-2.2964141001985072,0.07939473192602464,0.0,0.0,0.0,11.99347050608025,10.752937827475478,24.955632355688397
aggregate,ssd,global_generic,color_cast_s2,33.90915630024541,57.6999238385377,41.584158415841586,-0.0010689328042101653,-0.010689328042112756,0.0,0.0,0.0,0.0,11.237623762376236,12.500000000000005,24.876237623762375
aggregate,ssd,global_generic,clean_s0,26.575118629374455,51.93400100378701,16.707920792079207,-0.12321836579262668,-0.08704167120008321,0.0,0.0,0.0,0.0,0.04175718883479562,0.5916552307481782,0.0
aggregate,ssd,det_pseudo,gamma_s1,23.690690772373944,47.64005246678514,16.707920792079207,0.6162683301297184,-0.9907820452374871,0.0,0.5300845331785958,-1.4852618503608583,0.0,0.0,0.0,0.0
aggregate,ssd,det_pseudo,gamma_s2,22.70993766043271,47.125962596259626,12.5,0.07425742574257432,0.7425742574257432,0.0,-0.3941406045366441,-0.3457488606003478,0.0,0.0,0.0,0.0
aggregate,ssd,det_pseudo,contrast_s1,11.461785049879513,36.557306818323696,4.207920792079208,0.1843209639483756,-0.03779980772352087,-0.16184310738766167,0.38954726291400427,-0.8145107205730473,0.0,0.0,0.0,0.0
aggregate,ssd,det_pseudo,contrast_s2,21.318756875687566,39.865236523652364,15.305280528052803,-0.5065918491162641,-3.1338345505031118,2.805280528052803,-4.292269452509162,-13.628956880650472,2.805280528052803,0.0,0.0,0.0
aggregate,ssd,det_pseudo,color_cast_s1,26.174799622819428,48.802451673738794,16.707920792079207,-12.031832882536369,-13.049351927673985,-24.876237623762375,-11.99347050608025,-10.752937827475478,-24.955632355688397,0.0,0.0,0.0
aggregate,ssd,det_pseudo,color_cast_s2,22.671532537869172,45.1999238385377,16.707920792079207,-11.238692695180447,-12.510689328042119,-24.876237623762375,-11.237623762376236,-12.500000000000005,-24.876237623762375,0.0,0.0,0.0
aggregate,ssd,det_pseudo,clean_s0,26.53336144053966,51.342345773038836,16.707920792079207,-0.1649755546274223,-0.6786969019482614,0.0,-0.04175718883479562,-0.5916552307481782,0.0,0.0,0.0,0.0
aggregate,ssd,det_pseudo_clip_radius,gamma_s1,22.740256168473987,47.59350935093509,16.707920792079207,-0.33416627377023667,-1.0373251610875378,0.0,-0.4203500707213592,-1.531804966210909,0.0,-0.950434603899955,-0.046543115850050665,0.0
aggregate,ssd,det_pseudo_clip_radius,gamma_s2,22.63980564723139,47.125962596259626,12.5,0.004125412541253204,0.7425742574257432,0.0,-0.46427261773796524,-0.3457488606003478,0.0,-0.07013201320132112,0.0,0.0
aggregate,ssd,det_pseudo_clip_radius,contrast_s1,11.223093142647597,36.56513568023469,4.363769710304364,-0.05437094328354097,-0.02997094581252968,-0.005994189162505936,0.1508553556820877,-0.8066818586620561,0.15584891822515573,-0.23869190723191658,0.007828861910991192,0.15584891822515573
aggregate,ssd,det_pseudo_clip_radius,contrast_s2,21.787989282799245,42.58800880088008,12.635739380389651,-0.03735944200458641,-0.41106227327539213,0.13573938038965172,-3.8230370453974842,-10.906184603422753,0.13573938038965172,0.4692324071116777,2.72277227722772,-2.6695411476631516
aggregate,ssd,det_pseudo_clip_radius,color_cast_s1,25.494406583515495,46.905136942265656,16.707920792079207,-12.712225921840304,-14.946666659147123,-24.876237623762375,-12.673863545384185,-12.650252558948615,-24.955632355688397,-0.6803930393039337,-1.8973147314731376,0.0
aggregate,ssd,det_pseudo_clip_radius,color_cast_s2,33.910225233049616,57.71061316657982,41.584158415841586,0.0,0.0,0.0,0.0010689328042101653,0.010689328042112756,0.0,11.238692695180447,12.510689328042119,24.876237623762375
aggregate,ssd,det_pseudo_clip_radius,clean_s0,26.53336144053966,51.342345773038836,16.707920792079207,-0.1649755546274223,-0.6786969019482614,0.0,-0.04175718883479562,-0.5916552307481782,0.0,0.0,0.0,0.0
block_1,source,no_adapt,gamma_s1,15.895431648428,26.422615945805106,18.218690290081643,0.0,0.0,0.0,0.2815702622893851,-0.2605523710265789,3.070175438596498,1.9480011910965516,0.21092334797389034,14.431561577210356
block_1,source,no_adapt,gamma_s2,11.084983498349835,26.663916391639162,0.0,0.0,0.0,0.0,1.5980348034803513,-1.8014301430142987,-3.060306030603061,-1.1221122112211213,0.0,-2.103960396039604
block_1,source,no_adapt,contrast_s1,17.00327551552148,27.78046601652646,21.03960396039604,0.0,0.0,0.0,0.0,0.0,0.0,-0.42079207920792117,0.0,0.0
block_1,source,no_adapt,contrast_s2,15.191831683168317,31.58003300330033,14.026402640264028,0.0,0.0,0.0,0.0,0.0,0.0,0.0,0.0,0.0
block_1,source,no_adapt,color_cast_s1,14.404290429042904,25.0,14.026402640264028,0.0,0.0,0.0,2.039503950395041,-1.4726472647264732,0.0,1.4537953795379561,1.3201320132013223,-2.103960396039606
block_1,source,no_adapt,color_cast_s2,11.49174917491749,26.32013201320132,12.623762376237622,0.0,0.0,0.0,0.6034889203206038,0.7543611504007564,0.0,0.6034889203206038,0.7543611504007564,0.0
block_1,source,no_adapt,clean_s0,15.671067106710671,24.559955995599562,24.559955995599562,0.0,0.0,0.0,1.8525852585258544,1.9361936193619367,3.5203520352035222,-0.9075907590759102,-3.9053905390539017,0.0
block_1,source,global_generic,gamma_s1,15.613861386138614,26.683168316831683,15.148514851485146,-0.2815702622893851,0.2605523710265789,-3.070175438596498,0.0,0.0,0.0,1.6664309288071666,0.47147571900046925,11.361386138613858
block_1,source,global_generic,gamma_s2,9.486948694869485,28.465346534653463,3.060306030603061,-1.5980348034803513,1.8014301430142987,3.060306030603061,0.0,0.0,0.0,-2.7201470147014724,1.8014301430142987,0.9563456345634571
block_1,source,global_generic,contrast_s1,17.00327551552148,27.78046601652646,21.03960396039604,0.0,0.0,0.0,0.0,0.0,0.0,-0.42079207920792117,0.0,0.0
block_1,source,global_generic,contrast_s2,15.191831683168317,31.58003300330033,14.026402640264028,0.0,0.0,0.0,0.0,0.0,0.0,0.0,0.0,0.0
block_1,source,global_generic,color_cast_s1,12.364786478647863,26.472647264726472,14.026402640264028,-2.039503950395041,1.4726472647264732,0.0,0.0,0.0,0.0,-0.5857085708570853,2.7927792779277953,-2.103960396039606
block_1,source,global_generic,color_cast_s2,10.888260254596888,25.565770862800562,12.623762376237622,-0.6034889203206038,-0.7543611504007564,0.0,0.0,0.0,0.0,0.0,0.0,0.0
block_1,source,global_generic,clean_s0,13.818481848184817,22.623762376237625,21.03960396039604,-1.8525852585258544,-1.9361936193619367,-3.5203520352035222,0.0,0.0,0.0,-2.760176017601765,-5.841584158415839,-3.5203520352035222
block_1,source,det_pseudo,gamma_s1,13.947430457331448,26.211692597831217,3.787128712871287,-1.9480011910965516,-0.21092334797389034,-14.431561577210356,-1.6664309288071666,-0.47147571900046925,-11.361386138613858,0.0,0.0,0.0
block_1,source,det_pseudo,gamma_s2,12.207095709570957,26.663916391639162,2.103960396039604,1.1221122112211213,0.0,2.103960396039604,2.7201470147014724,-1.8014301430142987,-0.9563456345634571,0.0,0.0,0.0
block_1,source,det_pseudo,contrast_s1,17.4240675947294,27.78046601652646,21.03960396039604,0.42079207920792117,0.0,0.0,0.42079207920792117,0.0,0.0,0.0,0.0,0.0
block_1,source,det_pseudo,contrast_s2,15.191831683168317,31.58003300330033,14.026402640264028,0.0,0.0,0.0,0.0,0.0,0.0,0.0,0.0,0.0
block_1,source,det_pseudo,color_cast_s1,12.950495049504948,23.679867986798676,16.13036303630363,-1.4537953795379561,-1.3201320132013223,2.103960396039606,0.5857085708570853,-2.7927792779277953,2.103960396039606,0.0,0.0,0.0
block_1,source,det_pseudo,color_cast_s2,10.888260254596888,25.565770862800562,12.623762376237622,-0.6034889203206038,-0.7543611504007564,0.0,0.0,0.0,0.0,0.0,0.0,0.0
block_1,source,det_pseudo,clean_s0,16.57865786578658,28.465346534653463,24.559955995599562,0.9075907590759102,3.9053905390539017,0.0,2.760176017601765,5.841584158415839,3.5203520352035222,0.0,0.0,0.0
block_1,source,det_pseudo_clip_radius,gamma_s1,13.460867515322958,26.211692597831217,3.606789250353607,-2.434564133105041,-0.21092334797389034,-14.611901039728037,-2.152993870815656,-0.47147571900046925,-11.541725601131539,-0.4865629420084894,0.0,-0.1803394625176799
block_1,source,det_pseudo_clip_radius,gamma_s2,12.277227722772277,26.663916391639162,2.805280528052805,1.192244224422441,0.0,2.805280528052805,2.790279027902792,-1.8014301430142987,-0.2550255025502563,0.07013201320131973,0.0,0.7013201320132008
block_1,source,det_pseudo_clip_radius,contrast_s1,17.00327551552148,27.78046601652646,21.03960396039604,0.0,0.0,0.0,0.0,0.0,0.0,-0.42079207920792117,0.0,0.0
block_1,source,det_pseudo_clip_radius,contrast_s2,15.530410183875528,32.708628005657715,14.026402640264028,0.3385785007072123,1.1285950023573854,0.0,0.3385785007072123,1.1285950023573854,0.0,0.3385785007072123,1.1285950023573854,0.0
block_1,source,det_pseudo_clip_radius,color_cast_s1,12.950495049504948,23.679867986798676,16.13036303630363,-1.4537953795379561,-1.3201320132013223,2.103960396039606,0.5857085708570853,-2.7927792779277953,2.103960396039606,0.0,0.0,0.0
block_1,source,det_pseudo_clip_radius,color_cast_s2,10.888260254596888,25.565770862800562,12.623762376237622,-0.6034889203206038,-0.7543611504007564,0.0,0.0,0.0,0.0,0.0,0.0,0.0
block_1,source,det_pseudo_clip_radius,clean_s0,17.126275127512752,28.825382538253823,25.0,1.4552080208020817,4.2654265426542635,0.4400440044004389,3.307793279327936,6.2016201620162,3.9603960396039612,0.5476172617261715,0.36003600360036137,0.4400440044004389
block_1,target,no_adapt,gamma_s1,10.949971987014477,25.81079449408355,6.399546204620461,0.0,0.0,0.0,-0.17128203142641601,-0.36665407784131077,0.7487956456936007,-0.17860776399967332,-0.4491623286663915,-0.5670145067502158
block_1,target,no_adapt,gamma_s2,9.262575708120261,23.316831683168317,4.221883726834222,0.0,0.0,0.0,-2.8835670311536665,-4.230610561056103,-9.602373698908353,0.8196702637296673,0.10789540492510685,2.1459761360751473
block_1,target,no_adapt,contrast_s1,13.074571742888574,24.246581801037244,15.120619204777618,0.0,0.0,0.0,-0.36001100110011064,-2.6650165016501663,0.0,-0.36001100110011064,-2.6650165016501663,0.0
block_1,target,no_adapt,contrast_s2,10.964317860357463,24.257425742574256,7.454031117397454,0.0,0.0,0.0,-0.36831281357580375,-1.2459140650907197,-0.09307843226718931,-0.14223739762470183,-0.7768469154607771,-0.021216407355022227
block_1,target,no_adapt,color_cast_s1,18.75854805977492,33.578500707213585,20.93844167025398,0.0,0.0,0.0,2.3577030302170234,6.343947581571347,1.9851177664350295,1.1504229615508177,2.3958824453873984,1.9851177664350295
block_1,target,no_adapt,color_cast_s2,13.609382366808106,24.57252868143957,18.921892189218923,0.0,0.0,0.0,0.29272492466637656,0.0,0.5082029942124644,-0.012729844413014724,-0.04243281471004168,0.0
block_1,target,no_adapt,clean_s0,21.024075484471524,34.160531437759154,27.25522552255225,0.0,0.0,0.0,2.0263897402873488,-0.7591739474135051,9.020902090209015,0.512439705509013,0.0,6.419141914191415
block_1,target,global_generic,gamma_s1,11.121254018440894,26.17744857192486,5.650750558926861,0.17128203142641601,0.36665407784131077,-0.7487956456936007,0.0,0.0,0.0,-0.007325732573257304,-0.08250825082508073,-1.3158101524438166
block_1,target,global_generic,gamma_s2,12.146142739273927,27.547442244224417,13.824257425742575,2.8835670311536665,4.230610561056103,9.602373698908353,0.0,0.0,0.0,3.703237294883334,4.338505965981209,11.7483498349835
block_1,target,global_generic,contrast_s1,13.434582743988685,26.911598302687413,15.120619204777618,0.36001100110011064,2.6650165016501663,0.0,0.0,0.0,0.0,0.0,0.0,0.0
block_1,target,global_generic,contrast_s2,11.332630673933267,25.503339807664975,7.547109549664643,0.36831281357580375,1.2459140650907197,0.09307843226718931,0.0,0.0,0.0,0.22607541595110192,0.46906714962994256,0.07186202491216709
block_1,target,global_generic,color_cast_s1,16.4008450295579,27.234553125642236,18.95332390381895,-2.3577030302170234,-6.343947581571347,-1.9851177664350295,0.0,0.0,0.0,-1.2072800686662055,-3.9480651361839483,0.0
block_1,target,global_generic,color_cast_s2,13.31665744214173,24.57252868143957,18.41368919500646,-0.29272492466637656,0.0,-0.5082029942124644,0.0,0.0,0.0,-0.3054547690793913,-0.04243281471004168,-0.5082029942124644
block_1,target,global_generic,clean_s0,18.997685744184174,34.91970538517266,18.234323432343235,-2.0263897402873488,0.7591739474135051,-9.020902090209015,0.0,0.0,0.0,-1.5139500347783357,0.7591739474135051,-2.6017601760176006
block_1,target,det_pseudo,gamma_s1,11.12857975101415,26.259956822749942,6.966560711370677,0.17860776399967332,0.4491623286663915,0.5670145067502158,0.007325732573257304,0.08250825082508073,1.3158101524438166,0.0,0.0,0.0
block_1,target,det_pseudo,gamma_s2,8.442905444390593,23.208936278243208,2.0759075907590754,-0.8196702637296673,-0.10789540492510685,-2.1459761360751473,-3.703237294883334,-4.338505965981209,-11.7483498349835,0.0,0.0,0.0
block_1,target,det_pseudo,contrast_s1,13.434582743988685,26.911598302687413,15.120619204777618,0.36001100110011064,2.6650165016501663,0.0,0.0,0.0,0.0,0.0,0.0,0.0
block_1,target,det_pseudo,contrast_s2,11.106555257982166,25.034272658035032,7.475247524752477,0.14223739762470183,0.7768469154607771,0.021216407355022227,-0.22607541595110192,-0.46906714962994256,-0.07186202491216709,0.0,0.0,0.0
block_1,target,det_pseudo,color_cast_s1,17.608125098224104,31.182618261826185,18.95332390381895,-1.1504229615508177,-2.3958824453873984,-1.9851177664350295,1.2072800686662055,3.9480651361839483,0.0,0.0,0.0,0.0
block_1,target,det_pseudo,color_cast_s2,13.622112211221122,24.61496149614961,18.921892189218923,0.012729844413014724,0.04243281471004168,0.0,0.3054547690793913,0.04243281471004168,0.5082029942124644,0.0,0.0,0.0
block_1,target,det_pseudo,clean_s0,20.51163577896251,34.160531437759154,20.836083608360838,-0.512439705509013,0.0,-6.419141914191415,1.5139500347783357,-0.7591739474135051,2.6017601760176006,0.0,0.0,0.0
block_1,target,det_pseudo_clip_radius,gamma_s1,11.018304799530485,27.25948534703095,6.678727673431794,0.06833281251600737,1.4486908529473985,0.2791814688113334,-0.10294921891040865,1.0820367751060878,1.0279771145049341,-0.11027495148366595,0.999528524281007,-0.28783303793888243
block_1,target,det_pseudo_clip_radius,gamma_s2,8.981361820392564,23.243008511377454,3.815181518151816,-0.2812138877276965,-0.07382317179086273,-0.40670220868240653,-3.164780918881363,-4.304433732846966,-10.00907590759076,0.5384563760019709,0.03407223313424412,1.7392739273927407
block_1,target,det_pseudo_clip_radius,contrast_s1,13.434582743988685,26.911598302687413,15.120619204777618,0.36001100110011064,2.6650165016501663,0.0,0.0,0.0,0.0,0.0,0.0,0.0
block_1,target,det_pseudo_clip_radius,contrast_s2,11.136344884488448,25.04641089108911,7.497749774977497,0.1720270241309857,0.7889851485148536,0.04371865758004273,-0.19628578944481806,-0.4569289165758661,-0.049359774687146585,0.02978962650628386,0.012138233054076464,0.022502250225020504
block_1,target,det_pseudo_clip_radius,color_cast_s1,17.628131750052077,31.234809527464368,18.95332390381895,-1.1304163097228426,-2.3436911797492135,-1.9851177664350295,1.2272867204941806,4.000256401822133,0.0,0.02000665182797512,0.0521912656381851,0.0
block_1,target,det_pseudo_clip_radius,color_cast_s2,13.622112211221122,24.61496149614961,18.921892189218923,0.012729844413014724,0.04243281471004168,0.0,0.3054547690793913,0.04243281471004168,0.5082029942124644,0.0,0.0,0.0
block_1,target,det_pseudo_clip_radius,clean_s0,21.163771640321926,34.19460367089341,27.25522552255225,0.1396961558504023,0.03407223313425245,0.0,2.166085896137751,-0.7251017142792526,9.020902090209015,0.6521358613594153,0.03407223313425245,6.419141914191415
block_1,ssd,no_adapt,gamma_s1,3.6488448844884496,22.261669024045265,0.0,0.0,0.0,0.0,-0.17236759390224649,-0.9889596102467368,0.0,0.45063165657225207,1.981564090474988,0.0
block_1,ssd,no_adapt,gamma_s2,2.8208654198753202,17.766776677667764,0.0,0.0,0.0,0.0,-0.9367960605584351,-2.1766462360521737,0.0,-0.1485148514851497,-1.485148514851492,0.0
block_1,ssd,no_adapt,contrast_s1,5.747143945163748,23.19021325209444,0.32368621477532367,0.0,0.0,0.0,0.2363317375693605,-1.5534218256990555,0.32368621477532367,0.29882137015719357,0.07559961544704452,0.32368621477532367
block_1,ssd,no_adapt,contrast_s2,7.041786558518552,27.829825316627776,0.0,0.0,0.0,0.0,-1.1192099922643446,-4.158561491977903,0.0,0.23760614047674822,0.8221245465507676,0.0
block_1,ssd,no_adapt,color_cast_s1,4.7796016443749645,23.70360720282555,0.0,0.0,0.0,0.0,0.0767247529122321,4.592828200396998,-0.15878946385204556,-0.06999760126388532,1.0987038553479405,0.0
block_1,ssd,no_adapt,color_cast_s2,2.8699554165942907,15.421226333159632,0.0,0.0,0.0,0.0,0.0021378656084231062,0.021378656084233838,0.0,0.0021378656084231062,0.021378656084233838,0.0
block_1,ssd,no_adapt,clean_s0,7.002284551390268,29.0420853499742,0.0,0.0,0.0,0.0,0.24643673158524643,0.17408334240017198,0.0,0.329951109254846,1.3573938038965172,0.0
block_1,ssd,global_generic,gamma_s1,3.821212478390696,23.250628634292,0.0,0.17236759390224649,0.9889596102467368,0.0,0.0,0.0,0.0,0.6229992504744986,2.970523700721725,0.0
block_1,ssd,global_generic,gamma_s2,3.7576614804337556,19.94342291371994,0.0,0.9367960605584351,2.1766462360521737,0.0,0.0,0.0,0.0,0.7882812090732855,0.6914977212006818,0.0
block_1,ssd,global_generic,contrast_s1,5.5108122075943875,24.743635077793495,0.0,-0.2363317375693605,1.5534218256990555,-0.32368621477532367,0.0,0.0,0.0,0.062489632587833105,1.6290214411461001,0.0
block_1,ssd,global_generic,contrast_s2,8.160996550782897,31.98838680860568,0.0,1.1192099922643446,4.158561491977903,0.0,0.0,0.0,0.0,1.3568161327410926,4.98068603852867,0.0
block_1,ssd,global_generic,color_cast_s1,4.702876891462733,19.11077900242855,0.15878946385204556,-0.0767247529122321,-4.592828200396998,0.15878946385204556,0.0,0.0,0.0,-0.14672235417611743,-3.494124345049057,0.15878946385204556
block_1,ssd,global_generic,color_cast_s2,2.8678175509858677,15.399847677075398,0.0,-0.0021378656084231062,-0.021378656084233838,0.0,0.0,0.0,0.0,0.0,0.0,0.0
block_1,ssd,global_generic,clean_s0,6.755847819805022,28.868002007574027,0.0,-0.24643673158524643,-0.17408334240017198,0.0,0.0,0.0,0.0,0.08351437766959957,1.1833104614963452,0.0
block_1,ssd,det_pseudo,gamma_s1,3.1982132279161974,20.280104933570275,0.0,-0.45063165657225207,-1.981564090474988,0.0,-0.6229992504744986,-2.970523700721725,0.0,0.0,0.0,0.0
block_1,ssd,det_pseudo,gamma_s2,2.9693802713604702,19.251925192519256,0.0,0.1485148514851497,1.485148514851492,0.0,-0.7882812090732855,-0.6914977212006818,0.0,0.0,0.0,0.0
block_1,ssd,det_pseudo,contrast_s1,5.4483225750065545,23.114613636647398,0.0,-0.29882137015719357,-0.07559961544704452,-0.32368621477532367,-0.062489632587833105,-1.6290214411461001,0.0,0.0,0.0,0.0
block_1,ssd,det_pseudo,contrast_s2,6.8041804180418035,27.007700770077008,0.0,-0.23760614047674822,-0.8221245465507676,0.0,-1.3568161327410926,-4.98068603852867,0.0,0.0,0.0,0.0
block_1,ssd,det_pseudo,color_cast_s1,4.84959924563885,22.604903347477606,0.0,0.06999760126388532,-1.0987038553479405,0.0,0.14672235417611743,3.494124345049057,-0.15878946385204556,0.0,0.0,0.0
block_1,ssd,det_pseudo,color_cast_s2,2.8678175509858677,15.399847677075398,0.0,-0.0021378656084231062,-0.021378656084233838,0.0,0.0,0.0,0.0,0.0,0.0,0.0
block_1,ssd,det_pseudo,clean_s0,6.672333442135423,27.684691546077683,0.0,-0.329951109254846,-1.3573938038965172,0.0,-0.08351437766959957,-1.1833104614963452,0.0,0.0,0.0,0.0
block_1,ssd,det_pseudo_clip_radius,gamma_s1,2.980512336947981,20.18701870187019,0.0,-0.6683325475404684,-2.074650322175073,0.0,-0.840700141442715,-3.0636099324218096,0.0,-0.2177008909682164,-0.09308623170008468,0.0
block_1,ssd,det_pseudo_clip_radius,gamma_s2,2.82911624495783,19.251925192519256,0.0,0.00825082508250953,1.485148514851492,0.0,-0.9285452354759256,-0.6914977212006818,0.0,-0.14026402640264016,0.0,0.0
block_1,ssd,det_pseudo_clip_radius,contrast_s1,5.812522918958562,23.130271360469383,0.3116978364503116,0.0653789737948142,-0.05994189162505936,-0.011988378325012046,0.3017107113641747,-1.6133637173241149,0.3116978364503116,0.3642003439520078,0.01565772382198516,0.3116978364503116
block_1,ssd,det_pseudo_clip_radius,contrast_s2,6.967067674509386,27.007700770077008,0.2714787607793037,-0.07471888400916588,-0.8221245465507676,0.2714787607793037,-1.1939288762735103,-4.98068603852867,0.2714787607793037,0.16288725646758234,0.0,0.2714787607793037
block_1,ssd,det_pseudo_clip_radius,color_cast_s1,4.33039732544683,18.81027388453131,0.0,-0.44920431892813484,-4.893333318294238,0.0,-0.37247956601590276,-0.3005051178972401,-0.15878946385204556,-0.5192019201920202,-3.7946294629462973,0.0
block_1,ssd,det_pseudo_clip_radius,color_cast_s2,2.8699554165942907,15.421226333159632,0.0,0.0,0.0,0.0,0.0021378656084231062,0.021378656084233838,0.0,0.0021378656084231062,0.021378656084233838,0.0
block_1,ssd,det_pseudo_clip_radius,clean_s0,6.672333442135423,27.684691546077683,0.0,-0.329951109254846,-1.3573938038965172,0.0,-0.08351437766959957,-1.1833104614963452,0.0,0.0,0.0,0.0
block_2,source,no_adapt,gamma_s1,31.212871287128714,45.79207920792079,33.16831683168317,0.0,0.0,0.0,0.0,0.0,0.0,1.6336633663366351,0.0,0.0
block_2,source,no_adapt,gamma_s2,29.950495049504948,45.79207920792079,33.16831683168317,0.0,0.0,0.0,0.0,0.0,0.0,0.0,0.0,0.0
block_2,source,no_adapt,contrast_s1,29.47029702970297,68.26732673267327,16.83168316831683,0.0,0.0,0.0,2.0198019801980163,10.099009900990097,0.0,7.886138613861385,35.09900990099009,-16.336633663366342
block_2,source,no_adapt,contrast_s2,38.33333333333333,100.0,0.0,0.0,0.0,0.0,0.0,0.0,0.0,6.683168316831678,0.0,0.0
block_2,source,no_adapt,color_cast_s1,27.425742574257427,45.79207920792079,33.16831683168317,0.0,0.0,0.0,-5.891089108910891,-4.207920792079206,0.0,-7.574257425742569,-4.207920792079206,0.0
block_2,source,no_adapt,color_cast_s2,28.267326732673265,45.79207920792079,33.16831683168317,0.0,0.0,0.0,0.0,0.0,0.0,0.0,0.0,0.0
block_2,source,no_adapt,clean_s0,32.004950495049506,45.79207920792079,33.16831683168317,0.0,0.0,0.0,0.0,0.0,0.0,1.6831683168316847,0.0,0.0
block_2,source,global_generic,gamma_s1,31.212871287128714,45.79207920792079,33.16831683168317,0.0,0.0,0.0,0.0,0.0,0.0,1.6336633663366351,0.0,0.0
block_2,source,global_generic,gamma_s2,29.950495049504948,45.79207920792079,33.16831683168317,0.0,0.0,0.0,0.0,0.0,0.0,0.0,0.0,0.0
block_2,source,global_generic,contrast_s1,27.45049504950495,58.168316831683164,16.83168316831683,-2.0198019801980163,-10.099009900990097,0.0,0.0,0.0,0.0,5.866336633663368,24.999999999999993,-16.336633663366342
block_2,source,global_generic,contrast_s2,38.33333333333333,100.0,0.0,0.0,0.0,0.0,0.0,0.0,0.0,6.683168316831678,0.0,0.0
block_2,source,global_generic,color_cast_s1,33.31683168316832,50.0,33.16831683168317,5.891089108910891,4.207920792079206,0.0,0.0,0.0,0.0,-1.6831683168316791,0.0,0.0
block_2,source,global_generic,color_cast_s2,28.267326732673265,45.79207920792079,33.16831683168317,0.0,0.0,0.0,0.0,0.0,0.0,0.0,0.0,0.0
block_2,source,global_generic,clean_s0,32.004950495049506,45.79207920792079,33.16831683168317,0.0,0.0,0.0,0.0,0.0,0.0,1.6831683168316847,0.0,0.0
block_2,source,det_pseudo,gamma_s1,29.57920792079208,45.79207920792079,33.16831683168317,-1.6336633663366351,0.0,0.0,-1.6336633663366351,0.0,0.0,0.0,0.0,0.0
block_2,source,det_pseudo,gamma_s2,29.950495049504948,45.79207920792079,33.16831683168317,0.0,0.0,0.0,0.0,0.0,0.0,0.0,0.0,0.0
block_2,source,det_pseudo,contrast_s1,21.584158415841586,33.16831683168317,33.16831683168317,-7.886138613861385,-35.09900990099009,16.336633663366342,-5.866336633663368,-24.999999999999993,16.336633663366342,0.0,0.0,0.0
block_2,source,det_pseudo,contrast_s2,31.650165016501653,100.0,0.0,-6.683168316831678,0.0,0.0,-6.683168316831678,0.0,0.0,0.0,0.0,0.0
block_2,source,det_pseudo,color_cast_s1,35.0,50.0,33.16831683168317,7.574257425742569,4.207920792079206,0.0,1.6831683168316791,0.0,0.0,0.0,0.0,0.0
block_2,source,det_pseudo,color_cast_s2,28.267326732673265,45.79207920792079,33.16831683168317,0.0,0.0,0.0,0.0,0.0,0.0,0.0,0.0,0.0
block_2,source,det_pseudo,clean_s0,30.32178217821782,45.79207920792079,33.16831683168317,-1.6831683168316847,0.0,0.0,-1.6831683168316847,0.0,0.0,0.0,0.0,0.0
block_2,source,det_pseudo_clip_radius,gamma_s1,31.212871287128714,45.79207920792079,33.16831683168317,0.0,0.0,0.0,0.0,0.0,0.0,1.6336633663366351,0.0,0.0
block_2,source,det_pseudo_clip_radius,gamma_s2,29.950495049504948,45.79207920792079,33.16831683168317,0.0,0.0,0.0,0.0,0.0,0.0,0.0,0.0,0.0
block_2,source,det_pseudo_clip_radius,contrast_s1,23.603960396039607,43.26732673267326,33.16831683168317,-5.866336633663363,-25.0,16.336633663366342,-3.8465346534653473,-14.900990099009903,16.336633663366342,2.0198019801980216,10.099009900990092,0.0
block_2,source,det_pseudo_clip_radius,contrast_s2,37.244224422442244,100.0,5.61056105610561,-1.08910891089109,0.0,5.61056105610561,-1.08910891089109,0.0,5.61056105610561,5.5940594059405875,0.0,5.61056105610561
block_2,source,det_pseudo_clip_radius,color_cast_s1,33.31683168316832,50.0,33.16831683168317,5.891089108910891,4.207920792079206,0.0,0.0,0.0,0.0,-1.6831683168316791,0.0,0.0
block_2,source,det_pseudo_clip_radius,color_cast_s2,28.267326732673265,45.79207920792079,33.16831683168317,0.0,0.0,0.0,0.0,0.0,0.0,0.0,0.0,0.0
block_2,source,det_pseudo_clip_radius,clean_s0,30.32178217821782,45.79207920792079,33.16831683168317,-1.6831683168316847,0.0,0.0,-1.6831683168316847,0.0,0.0,0.0,0.0,0.0
block_2,target,no_adapt,gamma_s1,55.18564356435643,95.79207920792079,47.896039603960396,0.0,0.0,0.0,-0.6311881188118873,0.0,0.0,-18.144689468946893,0.0,-23.278577857785766
block_2,target,no_adapt,gamma_s2,57.920792079207914,95.79207920792079,50.0,0.0,0.0,0.0,0.5693069306930698,0.0,11.138613861386137,0.0,0.0,0.0
block_2,target,no_adapt,contrast_s1,71.62659123055161,90.38189533239039,63.08345120226308,0.0,0.0,0.0,0.6241159830268628,0.9016973125884009,0.5834512022630745,0.0,0.0,0.0
block_2,target,no_adapt,contrast_s2,45.670792079207914,91.70792079207921,38.267326732673276,0.0,0.0,0.0,-1.9812588401697362,-4.084158415841577,0.183875530410188,-19.960441373807697,6.771570014144279,-14.137199434229114
block_2,target,no_adapt,color_cast_s1,76.21287128712872,95.79207920792079,72.89603960396039,0.0,0.0,0.0,-0.18033946251767574,0.0,-0.9016973125884009,0.8168316831683176,0.0,0.0
block_2,target,no_adapt,color_cast_s2,72.22772277227722,95.79207920792079,58.415841584158414,0.0,0.0,0.0,0.0,0.0,0.0,2.7537128712871284,0.0,0.0
block_2,target,no_adapt,clean_s0,75.96039603960396,95.79207920792079,71.63366336633663,0.0,0.0,0.0,0.8168316831683176,0.0,0.0,5.704620462046217,0.0,-0.5610561056105579
block_2,target,global_generic,gamma_s1,55.816831683168324,95.79207920792079,47.896039603960396,0.6311881188118873,0.0,0.0,0.0,0.0,0.0,-17.51350135013501,0.0,-23.278577857785766
block_2,target,global_generic,gamma_s2,57.35148514851485,95.79207920792079,38.86138613861386,-0.5693069306930698,0.0,-11.138613861386137,0.0,0.0,0.0,-0.5693069306930698,0.0,-11.138613861386137
block_2,target,global_generic,contrast_s1,71.00247524752476,89.48019801980197,62.5,-0.6241159830268628,-0.9016973125884009,-0.5834512022630745,0.0,0.0,0.0,-0.6241159830268628,-0.9016973125884009,-0.5834512022630745
block_2,target,global_generic,contrast_s2,47.65205091937765,95.79207920792079,38.083451202263085,1.9812588401697362,4.084158415841577,-0.183875530410188,0.0,0.0,0.0,-17.97918253363796,10.855728429985856,-14.321074964639301
block_2,target,global_generic,color_cast_s1,76.39321074964639,95.79207920792079,73.7977369165488,0.18033946251767574,0.0,0.9016973125884009,0.0,0.0,0.0,0.9971711456859933,0.0,0.9016973125884009
block_2,target,global_generic,color_cast_s2,72.22772277227722,95.79207920792079,58.415841584158414,0.0,0.0,0.0,0.0,0.0,0.0,2.7537128712871284,0.0,0.0
block_2,target,global_generic,clean_s0,75.14356435643565,95.79207920792079,71.63366336633663,-0.8168316831683176,0.0,0.0,0.0,0.0,0.0,4.8877887788778995,0.0,-0.5610561056105579
block_2,target,det_pseudo,gamma_s1,73.33033303330333,95.79207920792079,71.17461746174615,18.144689468946893,0.0,23.278577857785766,17.51350135013501,0.0,23.278577857785766,0.0,0.0,0.0
block_2,target,det_pseudo,gamma_s2,57.920792079207914,95.79207920792079,50.0,0.0,0.0,0.0,0.5693069306930698,0.0,11.138613861386137,0.0,0.0,0.0
block_2,target,det_pseudo,contrast_s1,71.62659123055161,90.38189533239039,63.08345120226308,0.0,0.0,0.0,0.6241159830268628,0.9016973125884009,0.5834512022630745,0.0,0.0,0.0
block_2,target,det_pseudo,contrast_s2,65.63123345301561,84.93635077793493,52.404526166902386,19.960441373807697,-6.771570014144279,14.137199434229114,17.97918253363796,-10.855728429985856,14.321074964639301,0.0,0.0,0.0
block_2,target,det_pseudo,color_cast_s1,75.39603960396039,95.79207920792079,72.89603960396039,-0.8168316831683176,0.0,0.0,-0.9971711456859933,0.0,-0.9016973125884009,0.0,0.0,0.0
block_2,target,det_pseudo,color_cast_s2,69.4740099009901,95.79207920792079,58.415841584158414,-2.7537128712871284,0.0,0.0,-2.7537128712871284,0.0,0.0,0.0,0.0,0.0
block_2,target,det_pseudo,clean_s0,70.25577557755774,95.79207920792079,72.1947194719472,-5.704620462046217,0.0,0.5610561056105579,-4.8877887788778995,0.0,0.5610561056105579,0.0,0.0,0.0
block_2,target,det_pseudo_clip_radius,gamma_s1,55.18564356435643,95.79207920792079,47.896039603960396,0.0,0.0,0.0,-0.6311881188118873,0.0,0.0,-18.144689468946893,0.0,-23.278577857785766
block_2,target,det_pseudo_clip_radius,gamma_s2,57.920792079207914,95.79207920792079,50.0,0.0,0.0,0.0,0.5693069306930698,0.0,11.138613861386137,0.0,0.0,0.0
block_2,target,det_pseudo_clip_radius,contrast_s1,71.62659123055161,90.38189533239039,63.08345120226308,0.0,0.0,0.0,0.6241159830268628,0.9016973125884009,0.5834512022630745,0.0,0.0,0.0
block_2,target,det_pseudo_clip_radius,contrast_s2,68.17079207920791,91.70792079207921,63.267326732673254,22.499999999999993,0.0,24.999999999999982,20.518741159830256,-4.084158415841577,25.18387553041017,2.5395586261922953,6.771570014144279,10.862800565770868
block_2,target,det_pseudo_clip_radius,color_cast_s1,76.21287128712872,95.79207920792079,72.89603960396039,0.0,0.0,0.0,-0.18033946251767574,0.0,-0.9016973125884009,0.8168316831683176,0.0,0.0
block_2,target,det_pseudo_clip_radius,color_cast_s2,72.22772277227722,95.79207920792079,58.415841584158414,0.0,0.0,0.0,0.0,0.0,0.0,2.7537128712871284,0.0,0.0
block_2,target,det_pseudo_clip_radius,clean_s0,75.14356435643565,95.79207920792079,71.63366336633663,-0.8168316831683176,0.0,0.0,0.0,0.0,0.0,4.8877887788778995,0.0,-0.5610561056105579
block_2,ssd,no_adapt,gamma_s1,42.5,75.0,33.415841584158414,0.0,0.0,0.0,0.0,0.0,0.0,-1.6831683168316847,0.0,0.0
block_2,ssd,no_adapt,gamma_s2,42.45049504950495,75.0,25.0,0.0,0.0,0.0,0.0,0.0,0.0,0.0,0.0,0.0
block_2,ssd,no_adapt,contrast_s1,16.807784226698534,50.0,8.415841584158416,0.0,0.0,0.0,0.17412086036189822,0.0,0.0,-0.6674632980539413,0.0,0.0
block_2,ssd,no_adapt,contrast_s2,36.60891089108911,58.168316831683164,25.0,0.0,0.0,0.0,-6.452145214521455,-16.831683168316836,0.0,0.77557755775578,5.44554455445545,-5.610561056105606
block_2,ssd,no_adapt,color_cast_s1,71.63366336633663,100.0,83.16831683168317,0.0,0.0,0.0,0.0,0.0,0.0,24.133663366336634,25.0,49.75247524752475
block_2,ssd,no_adapt,color_cast_s2,64.95049504950495,100.0,83.16831683168317,0.0,0.0,0.0,0.0,0.0,0.0,22.47524752475248,25.0,49.75247524752475
block_2,ssd,no_adapt,clean_s0,46.3943894389439,75.0,33.415841584158414,0.0,0.0,0.0,0.0,0.0,0.0,0.0,0.0,0.0
block_2,ssd,global_generic,gamma_s1,42.5,75.0,33.415841584158414,0.0,0.0,0.0,0.0,0.0,0.0,-1.6831683168316847,0.0,0.0
block_2,ssd,global_generic,gamma_s2,42.45049504950495,75.0,25.0,0.0,0.0,0.0,0.0,0.0,0.0,0.0,0.0,0.0
block_2,ssd,global_generic,contrast_s1,16.633663366336634,50.0,8.415841584158416,-0.17412086036189822,0.0,0.0,0.0,0.0,0.0,-0.8415841584158396,0.0,0.0
block_2,ssd,global_generic,contrast_s2,43.06105610561056,75.0,25.0,6.452145214521455,16.831683168316836,0.0,0.0,0.0,0.0,7.227722772277234,22.277227722772285,-5.610561056105606
block_2,ssd,global_generic,color_cast_s1,71.63366336633663,100.0,83.16831683168317,0.0,0.0,0.0,0.0,0.0,0.0,24.133663366336634,25.0,49.75247524752475
block_2,ssd,global_generic,color_cast_s2,64.95049504950495,100.0,83.16831683168317,0.0,0.0,0.0,0.0,0.0,0.0,22.47524752475248,25.0,49.75247524752475
block_2,ssd,global_generic,clean_s0,46.3943894389439,75.0,33.415841584158414,0.0,0.0,0.0,0.0,0.0,0.0,0.0,0.0,0.0
block_2,ssd,det_pseudo,gamma_s1,44.18316831683168,75.0,33.415841584158414,1.6831683168316847,0.0,0.0,1.6831683168316847,0.0,0.0,0.0,0.0,0.0
block_2,ssd,det_pseudo,gamma_s2,42.45049504950495,75.0,25.0,0.0,0.0,0.0,0.0,0.0,0.0,0.0,0.0,0.0
block_2,ssd,det_pseudo,contrast_s1,17.475247524752476,50.0,8.415841584158416,0.6674632980539413,0.0,0.0,0.8415841584158396,0.0,0.0,0.0,0.0,0.0
block_2,ssd,det_pseudo,contrast_s2,35.83333333333333,52.72277227722771,30.610561056105606,-0.77557755775578,-5.44554455445545,5.610561056105606,-7.227722772277234,-22.277227722772285,5.610561056105606,0.0,0.0,0.0
block_2,ssd,det_pseudo,color_cast_s1,47.5,75.0,33.415841584158414,-24.133663366336634,-25.0,-49.75247524752475,-24.133663366336634,-25.0,-49.75247524752475,0.0,0.0,0.0
block_2,ssd,det_pseudo,color_cast_s2,42.475247524752476,75.0,33.415841584158414,-22.47524752475248,-25.0,-49.75247524752475,-22.47524752475248,-25.0,-49.75247524752475,0.0,0.0,0.0
block_2,ssd,det_pseudo,clean_s0,46.3943894389439,75.0,33.415841584158414,0.0,0.0,0.0,0.0,0.0,0.0,0.0,0.0,0.0
block_2,ssd,det_pseudo_clip_radius,gamma_s1,42.5,75.0,33.415841584158414,0.0,0.0,0.0,0.0,0.0,0.0,-1.6831683168316847,0.0,0.0
block_2,ssd,det_pseudo_clip_radius,gamma_s2,42.45049504950495,75.0,25.0,0.0,0.0,0.0,0.0,0.0,0.0,0.0,0.0,0.0
block_2,ssd,det_pseudo_clip_radius,contrast_s1,16.633663366336634,50.0,8.415841584158416,-0.17412086036189822,0.0,0.0,0.0,0.0,0.0,-0.8415841584158396,0.0,0.0
block_2,ssd,det_pseudo_clip_radius,contrast_s2,36.60891089108911,58.168316831683164,25.0,0.0,0.0,0.0,-6.452145214521455,-16.831683168316836,0.0,0.77557755775578,5.44554455445545,-5.610561056105606
block_2,ssd,det_pseudo_clip_radius,color_cast_s1,46.65841584158416,75.0,33.415841584158414,-24.97524752475247,-25.0,-49.75247524752475,-24.97524752475247,-25.0,-49.75247524752475,-0.8415841584158368,0.0,0.0
block_2,ssd,det_pseudo_clip_radius,color_cast_s2,64.95049504950495,100.0,83.16831683168317,0.0,0.0,0.0,0.0,0.0,0.0,22.47524752475248,25.0,49.75247524752475
block_2,ssd,det_pseudo_clip_radius,clean_s0,46.3943894389439,75.0,33.415841584158414,0.0,0.0,0.0,0.0,0.0,0.0,0.0,0.0,0.0
