episode_index	image_id	case	block	S_hard	S_native	Delta	norm_hard	norm_native	norm_ratio	gradient_cosine	integrity_passed	S_loss_classifier	norm_loss_classifier	cos_task_loss_classifier	S_loss_box_reg	norm_loss_box_reg	cos_task_loss_box_reg	S_loss_objectness	norm_loss_objectness	cos_task_loss_objectness	S_loss_rpn_box_reg	norm_loss_rpn_box_reg	cos_task_loss_rpn_box_reg
0	304815	clean_s0	0	0.12876752443163922	0.1584063758766501	0.029638851445010883	0.24671725211975187	0.10524559593663026	0.42658385269930793	0.8634754690825475	True	0.17439998311249935	0.08650882631462149	0.9069984887252531	-0.0936374685798589	0.023909251550678915	-0.48697850181428065	0.14082718411750994	0.004687233706705751	0.73239710756964	0.1822860282822581	0.017363172665131328	0.9480112854638124
1	304815	gamma_s2	0	-0.07049086408302814	0.04931014910612504	0.11980101318915318	0.06454601433400373	0.05593364617407511	0.8665701012093089	-0.6092392462343155	True	0.024406074219022297	0.08272502154932926	0.3330891522797167	0.008706111538045866	0.045556246863213745	0.11881924499060746	0.02868730582497118	0.00257954744008903	0.39151853330716524	0.051023064730347976	0.005225554231352601	0.6963524419484632
2	131976	clean_s0	0	0.09015141369818053	-0.05499559326122806	-0.14514700695940858	0.17482201434706843	0.12746240345490698	0.7290981283504722	-0.45311354343255444	True	-0.11787871174531181	0.031883176321184356	-0.6496138057812931	-0.06595586034091175	0.03598068637089272	-0.3634739200582597	-0.009642147249124275	0.07891857833843019	-0.05313658316714064	-0.0088993157674	0.0138706955566411	-0.04904293828080092
3	131976	contrast_s2	0	1.183044583054651	-0.37795567639993305	-1.561000259454584	0.42544132897267123	0.3128757344946652	0.7354145288380368	0.5831138472010079	True	0.07443921447483759	0.1313128345158366	0.03600553795125223	-0.367303417835517	0.15713185635457608	-0.17766115942767233	-1.5799785014292613	0.030938253477718666	-0.7642205294362565	-0.8323386850637012	0.0254558516517047	-0.40259428213654475
4	507312	clean_s0	0	0.05757656885780577	0.054024721314026324	-0.003551847543779449	0.7475397530289775	0.04113858575589747	0.055031970660030946	0.6268734061033971	True	0.06299693072266224	0.03647407509106442	0.9692967755547921	0.013605105859753747	0.01779531978833686	0.20933377372584352	-0.02453761913732354	0.008339096461208681	-0.37754593499970757	-0.02991532473323041	0.003725717145553954	-0.46028953280657936
5	507312	color_cast_s2	0	0.05958927037826302	0.06590465657129857	0.006315386193035552	1.4056603945771902	0.09492911198269612	0.06753346138862362	0.9430533884730901	True	0.06509510229942861	0.07559111448995424	0.9544556590166069	0.05582961541405725	0.021767169716792822	0.8186006395580788	-0.04259930793705847	0.0008180058329119201	-0.6246115167444899	0.027263789842305316	0.00571155161926999	0.39975478317464763
6	517967	clean_s0	0	-0.08296657413629814	-0.09106949475013265	-0.00810292061383451	1.1282807939266624	0.27728417768184166	0.24575812969113164	0.9822012379557149	True	-0.08903659055948943	0.2178122128439326	-0.9032064973757369	-0.0941765626004117	0.057615060190968466	-0.9553474892488996	-0.025760239703006282	0.0014378538978266646	-0.2613174622206684	-0.06269581272225422	0.0063205237906409206	-0.635999930611184
7	517967	gamma_s2	0	-0.18866619476121319	-0.0928066470664153	0.09585954769479789	0.12093594806156253	0.045570950668477626	0.3768188979283455	0.6562677796604452	True	0.0871678431572879	0.02072322850727223	0.40477790568860855	-0.15119539786372918	0.04196444253374469	-0.7021001584851595	-0.16314271915283446	0.0018016603267621877	-0.7575794677096424	0.162996959926123	0.0037127473752533433	0.756902611070017
8	27717	clean_s0	0	0.03780162171604032	0.038821777512351587	0.0010201557963112687	1.054334912297661	0.29512285684951434	0.2799137668754299	0.9713158402323836	True	0.040444225521854164	0.27306040725037917	0.8011793281552277	0.0036033644923006247	0.062369935853000345	0.07138079925688193	0.02969094441359367	0.014193530002848087	0.5881623542602451	-0.025005119676097993	0.009123040924410556	-0.4953385737065138
9	27717	contrast_s2	0	0.29163548601751754	0.2412170987720134	-0.050418387245504154	2.7260841083072713	0.48396745428861354	0.17753210651637863	0.8488678094857485	True	0.27093972279100115	0.3608004700562494	0.9223843381704321	0.12668047457926132	0.14855565550260083	0.4312696731977753	0.15296727142646985	0.0020921811979799313	0.5207601677230896	-0.025188052758650444	0.005654088617309802	-0.08574994149365112
10	74938	clean_s0	0	0.021922515701364075	0.05009899480509054	0.028176479103726462	0.1821891774142625	0.07636561813467552	0.4191556228449018	0.3488717435253651	True	0.05107770744773489	0.03366282938051779	0.9846729443399881	-0.00851700332582821	0.007114040870559995	-0.1641902732480287	0.04497339637062175	0.048070861965520024	0.8669944058501199	0.005050208052014006	0.0007171142587119755	0.09735760446925486
11	74938	color_cast_s2	0	-0.08825213877317072	-0.07816567432592413	0.01008646444724659	2.357845904862219	0.34794092247804764	0.14756728663249077	0.9896798253798392	True	-0.0758213505977077	0.22957597295531704	-0.6329778301692771	-0.08320391981926145	0.15931840195514635	-0.6946095817827339	0.08165677306959906	0.04927275994534948	0.6816935682309829	-0.0693240857076794	0.008164118591045058	-0.5787368466663295
12	347235	clean_s0	0	-0.0377136703923751	-0.04384747565378916	-0.006133805261414056	2.4004668676490346	0.18588675356800394	0.07743775016151645	0.9496306109946822	True	-0.043021953303429575	0.223689558559567	-0.8426185224068318	0.027844438239039843	0.04679945932312171	0.5453550479483726	-0.04753913434068996	0.0009648938195816602	-0.9310910384162987	0.04772933348436943	0.0044937410243956945	0.9348162362871184
13	347235	gamma_s2	0	-0.038779476384904525	0.0012125699792718914	0.039992046364176415	0.40520764635714035	0.033453553391114	0.08255903779670741	0.17787365772520658	True	-0.03723131963164301	0.05487795283764819	-0.9330580597221572	0.03858741135799038	0.05224645055907132	0.9670432186566957	-0.02434624364753864	0.005009947345548845	-0.610143800654029	0.03662523467084157	0.005233425965064664	0.9178689002392253
14	413056	clean_s0	0	0.049288976154597076	0.04679778241912581	-0.00249119373547127	0.280478743576976	0.13443913508142688	0.479320227147733	0.8701284814042917	True	0.052419323557205015	0.1306253870814447	0.8112103680121444	-0.024666964509344153	0.08380181483577952	-0.38173131584989306	0.035859231597508215	0.027606801079163478	0.5549362045836634	0.03304531707649708	0.015871674521416895	0.5113897320504887
15	413056	contrast_s2	0	0.687396029005412	0.377913027846018	-0.309483001159394	0.767838984825034	0.3409596463014082	0.44405097037252156	0.8431520547456808	True	0.5374054685440416	0.2925422279885119	0.6833210640535244	-0.48244549706821543	0.10298530332776513	-0.6134384365304275	0.2102062344615756	0.014542295321674665	0.2672811428612831	0.746731687777758	0.02440268194383859	0.9494832511778409
16	574579	clean_s0	0	-0.006243985142252018	-0.007235958350020527	-0.0009919732077685092	0.00022979429911344632	0.010217606784356223	44.46414390511894	0.6922968192888631	True	-0.00841823614224063	0.008435369880668425	-0.8644750602162666	-0.0001760713160140367	0.001365125134164271	-0.018080897118494622	-0.000333787756761055	1.6988465197432985e-05	-0.03427692015296456	-0.0010165839019799549	0.0026241194285993043	-0.10439377266932036
17	574579	color_cast_s2	0	0.000538139170696903	0.0003829659117552955	-0.0001551732589416075	0.0001432585593327403	0.005610398611546409	39.1627462797206	0.6820917458763425	True	-0.008772056767734938	0.0035419668102843983	-0.7229472610078416	0.004589116420423829	0.005300291196808122	0.37821108938599063	-0.0006654794812659416	2.2240860827976495e-05	-0.05484535753388446	0.0048955758824582585	0.001817619631416733	0.403467883295639
18	403948	clean_s0	0	0.11177790635276397	0.07570966773471802	-0.03606823861804595	0.19529588443989113	0.289041330997764	1.4800175222674814	0.44158926610139915	True	0.08807937808761285	0.21349887104304827	0.713355904534913	0.009743848930074905	0.08444812386897892	0.07891554547877104	0.11892936793656088	0.021778384433791452	0.9632103301099544	-0.006490241190052229	0.05179163267169941	-0.052564538662407866
19	403948	gamma_s2	0	0.6024493163085729	0.679159678242941	0.07671036193436809	0.8570544853376948	0.3270329173772482	0.38157774443988984	0.9438034493089894	True	0.6160456986892944	0.28310270896811046	0.8686413138789689	0.049604005708639196	0.07690088057188692	0.06994300712511269	0.521466336267756	0.07640028012495644	0.7352818215391208	0.08848677141043541	0.04477505517603145	0.12476877209572097
20	363645	clean_s0	0	-0.13029349521227807	-0.12329619489439167	0.006997300317886396	0.047783194771209105	0.12779012148541663	2.6743737436830877	0.9570310879570408	True	-0.1035617977168864	0.04012881384434275	-0.6164146903752401	-0.13674256797559955	0.08174451630255451	-0.8139113993478028	0.027296565339390195	0.03045207801464129	0.16247307639559616	-0.0766662240241177	0.016334983809012417	-0.456328373856289
21	363645	contrast_s2	0	0.1377684880298044	0.12506573721299757	-0.01270275081680683	0.05187487707363587	0.1843686085800436	3.5541020814051127	-0.4540052778957166	True	0.26456071699732414	0.0787806759510474	0.6216169888355604	0.3268614179530975	0.05326948042004852	0.7679999234270908	-0.16726200813844508	0.06633595954074353	-0.3930020564878815	-0.10294573031357424	0.03993987225880641	-0.24188328342200124
22	32954	clean_s0	0	-0.0836951236064342	-0.08528870409820413	-0.0015935804917699276	0.5304114136193131	0.40532979548575593	0.7641800026887605	0.7632104486509265	True	-0.09858234261143338	0.2548159369195861	-0.742478793136365	-0.03763566851199852	0.19704396865165744	-0.28345528210708454	-0.057463390262925816	0.039808276670932286	-0.43278895107020116	0.012612422075969664	0.01954645350043594	0.09499120911383853
23	32954	color_cast_s2	0	0.33900601841602557	0.2086879223306293	-0.13031809608539627	0.7053791534519549	0.1452071995437459	0.2058569477608418	0.6312799431421262	True	0.32997732059162727	0.2164032568563326	0.9704039364849897	-0.29021859390335414	0.14849099150599243	-0.8534806739463374	0.27682638222703776	0.010264473956802087	0.8140965887573846	-0.15511590506939074	0.005560028095534392	-0.4561679713238003
24	537864	clean_s0	0	-0.07530392127672704	-0.04151200080035017	0.03379192047637687	1.0481488168405269	0.24946224953403698	0.23800270107254437	0.9515795031375864	True	-0.0508748323632764	0.17973963846134008	-0.38689065836436315	-0.010061412708468245	0.07386005445572032	-0.07651458306712353	-0.10339536245570011	0.013050161738949738	-0.7862964455490993	0.04895511575265602	0.018114637847539666	0.37229168303777616
25	537864	gamma_s2	0	-0.07072859272908016	-0.046654263339904564	0.0240743293891756	1.4090441529734712	0.27370409543097435	0.19424806160501312	0.9442342066984092	True	-0.06269254980003464	0.3798656786790535	-0.6501748607555574	0.08091932492767104	0.15423689340474556	0.8392019623591027	-0.03433192561377558	0.0021248010725323447	-0.35605115818468336	-0.038472611675351674	0.035500672542441915	-0.3989935808855766
26	549324	clean_s0	0	0.014846492519840736	0.0034695304963964797	-0.011376962023444256	0.02607856641670545	0.012302853652751054	0.47176111815985683	0.06917734593284103	True	0.009839090577421836	0.012057212217302792	0.3842630763999099	-0.010441768282475552	0.011547282573235697	-0.4078004945397232	0.007128518634198621	0.014311133339644814	0.27840240710877096	-0.004655851707383067	0.012302473795131797	-0.18183305522598697
27	549324	contrast_s2	0	0.18042922691821697	0.2782906643120253	0.09786143739380834	0.8469126282372221	0.1527343457300932	0.18034250598907348	0.6898952334565995	True	0.26591067731788715	0.1286121914147832	0.9509589553108988	0.17806882347921502	0.0150054595037435	0.6368158814351327	0.029485665885928315	0.006452946328929243	0.10544765751596868	0.21789060655022663	0.024969008869030137	0.7792279184639224
28	146773	clean_s0	0	0.0886192798034942	-0.11614299963359019	-0.2047622794370844	0.07741485640600163	0.16004157906188787	2.0673238508969263	-3.8545830050754704e-05	True	-0.06620213391595314	0.07912011321959714	-0.3905082897275132	-0.13771578106805768	0.09055474693255233	-0.8123477439800552	0.09133356884378921	0.003137719118731654	0.5387517541367297	-0.07772416017447803	0.014934864361559103	-0.45847357277674233
29	146773	color_cast_s2	0	0.24801341296687104	0.2742550900139345	0.026241677047063455	0.5308663300273705	0.14282765454732885	0.26904636151997985	0.7663564398165834	True	0.26853881932281837	0.20748981655417495	0.9098598553263546	-0.13501669453516013	0.08936810178443018	-0.45746186889095114	-0.2409427276080487	0.024083989745038815	-0.8163591239593061	0.15132643956681552	0.008760787172876561	0.5127223422430092
30	391657	clean_s0	1	0.08693887778790187	0.14315806365819267	0.0562191858702908	0.47151258665619	0.2770565271904486	0.5875909467342983	0.8930881509179526	True	0.1256413044552355	0.1502377324952809	0.6215505658734697	0.1492636823781234	0.13595602482928126	0.7384110396561501	-0.03893082070904782	0.01818790598222886	-0.19259170977023632	0.05616967844952217	0.021373772750765734	0.27787275512625076
31	391657	gamma_s2	1	-0.28781315457297063	-0.29160011546392384	-0.003786960890953206	0.6359053915170378	0.38793047184055907	0.6100443195096974	0.41588750142112296	True	-0.32812278182351357	0.21590655888901944	-0.8654227975732411	-0.14983570328659557	0.3048061990290652	-0.395191192741412	0.30323757398080403	0.012303623195713173	0.7997881407852253	-0.08791274296811111	0.0028006537079954784	-0.23186958115433487
32	215341	clean_s0	1	-0.022639282531283243	0.06961587371361683	0.09225515624490008	0.05033297979543238	0.12246216824423176	2.4330402996594485	-0.6550839633441384	True	0.17296215972565682	0.04253086079898391	0.45791821645129577	-0.1859144768597768	0.03496135535627064	-0.4922095433566071	-0.03584773662941224	0.01579425483501608	-0.09490706896726259	0.10172461440031874	0.08076930452571839	0.26931644510427233
33	215341	contrast_s2	1	1.5251501168504795	1.1912872330952988	-0.3338628837551807	0.23217349108294302	0.28688903393032494	1.2356666240929073	0.8309067645352604	True	1.165548827145946	0.10284551883066907	0.7200976776950588	1.1433688252978758	0.13346331891310947	0.7063944612772501	0.9678662197606824	0.04916236416993547	0.5979656973129038	1.2972658464509024	0.016699708770477315	0.8014748946354462
34	141348	clean_s0	1	-0.07304918907086302	-0.05932527268595882	0.013723916384904201	0.3594474107357321	0.0659575746873014	0.1834971478923625	0.6726965514685858	True	0.03868807255014607	0.03878896372811152	0.25131410308729935	-0.032891925506752163	0.06126901690009883	-0.2136628736608974	-0.045008058191521844	0.008190038138876927	-0.29236813910880816	-0.07512530019507017	0.04032336177771302	-0.4880069280576856
35	141348	color_cast_s2	1	0.06795164165557147	0.06671711221319647	-0.0012345294423749958	0.12804595377621994	0.12155420276231166	0.9493013967059544	0.8897234570146331	True	0.08066076922629072	0.039588896499713484	0.7824594127728174	0.02257381496050034	0.032270001120049775	0.21897998453973813	0.029382077826874017	0.0030312652628491383	0.28502435062287046	0.06521189629732366	0.06279761773419351	0.6325957782398385
36	59666	clean_s0	1	-0.059886064317055954	-0.050277000846346974	0.00960906347070898	0.23882001710707923	0.13200016690674035	0.5527181871340194	0.8640103326042641	True	-0.08007358868857778	0.0730584058720419	-0.7006843647050148	-0.0051542224908130325	0.06799834220022032	-0.04510205138392246	-0.015129060200565784	0.040265380440706725	-0.13238692194206206	0.03435555217249607	0.005126922487486789	0.30062844249510995
37	59666	gamma_s2	1	-0.03283534767513925	-0.07284861976241552	-0.04001327208727627	1.9607769147822378	0.8976035886776108	0.45777955763891576	0.9765413890689726	True	-0.06961672742981757	0.5724506696643676	-0.2577066279886283	-0.0747921315413681	0.3066330305573586	-0.2768648962861424	-0.018778522765337504	0.013596422207696428	-0.06951418085098827	-0.11409723696847279	0.020268860959070902	-0.42236421171917976
38	200495	clean_s0	1	0.009740169267563012	-0.003384269697777618	-0.013124438965340629	0.19305057632113581	0.10301335289691514	0.5336081086106392	0.936593253112561	True	0.03584229345741426	0.05629589165779142	0.4333764347455803	-0.034148650843574165	0.05468195712112968	-0.4128982586326727	-0.02828075696972228	0.013916455164637595	-0.34194836451159516	-0.006275437724237459	0.017022574103066488	-0.0758775894388764
39	200495	contrast_s2	1	0.9388705325799219	1.3045134603961848	0.36564292781626284	2.7778294386255866	0.32491059081427737	0.11696563737730295	0.9768796678589069	True	1.2587183233320312	0.30791378209889925	0.5799909347198265	1.139216186934879	0.02115684546152756	0.5249268632145824	0.5256218795282135	0.01427224903976421	0.2421955091828072	1.4142059092910895	0.003319154018182211	0.6516363448886833
40	216044	clean_s0	1	0.07099476476819949	0.10298819556874332	0.03199343080054383	0.19222423780672723	0.5082417826258051	2.6440046709240654	0.9161848015675205	True	0.1047221914989823	0.28797760104816805	0.7562266395204905	0.09092527891620743	0.15298564491883532	0.656595485047176	0.08078209548558689	0.04424065160957605	0.5833488750495749	0.12340488101098684	0.03800190833465518	0.8911392813089014
41	216044	color_cast_s2	1	0.344674043089389	0.332229489673592	-0.012444553415796977	1.21842657570077	0.483281953063909	0.39664429740951157	0.9511485864498294	True	0.3481755426032556	0.38679735634730034	0.9682895399039865	0.22655056103835414	0.09496465967724853	0.6300458006739662	0.0910475070724609	0.034308693168559445	0.25320660973421133	0.1350431813713984	0.008515526772160846	0.37556026765872214
42	153340	clean_s0	1	0.010290420391265868	0.06697860444356235	0.05668818405229648	0.08821904909737506	0.130608038717398	1.4804970134424655	0.7637034743954075	True	0.04197156542014709	0.06802276326841608	0.44518918152113196	0.08327396461034528	0.07613848928856215	0.8832805680639612	-0.0668825153352087	0.00991513966422001	-0.7094177204176593	0.05790689160540198	0.0036382543091782616	0.6142139666912182
43	153340	gamma_s2	1	0.11610266767246405	0.0437589133224446	-0.07234375435001944	0.0226069118265391	0.11017943221914446	4.873705575734617	0.8864425720791178	True	0.045543654678815645	0.0407168754678805	0.23758281381334234	0.025597199138380683	0.07426394741258004	0.13353022808242543	-0.05865932408809193	0.00522546884808453	-0.3060019529360443	0.15892069167053807	0.008640020915919635	0.8290249293773537
44	353858	clean_s0	1	-0.017931583548368137	0.08708472236607645	0.10501630591444458	0.09625850337184619	0.1337211818041297	1.3891882495571881	0.5199473477767174	True	-0.044014633890020693	0.0709147018940377	-0.3671041720536553	0.09844887650897949	0.13550351537000804	0.8211131186619431	0.04422165172011033	0.015555632344315782	0.36883080483946873	0.09280848626423015	0.008024620238277661	0.774069428783167
45	353858	contrast_s2	1	0.13375382235653505	0.08916462447346622	-0.044589197883068823	0.32780029178024106	0.09757922856813646	0.29767889478742154	0.6618007762287953	True	0.12367691056581194	0.08485651313019739	0.8069375829736932	-0.040873973325615084	0.061917617750872046	-0.2666847440735189	0.09282049306037304	0.0008857830176162184	0.6056129964888068	0.11535773563697319	0.005622979365556685	0.7526586164047261
46	224548	clean_s0	1	0.07313443875596737	0.048557058427152425	-0.024577380328814943	0.6973511561193276	0.371908392775398	0.5333158044005002	0.5361482724450224	True	0.056043678122512756	0.17206884203338152	0.3943152822213756	0.02966200938970613	0.2635822415699306	0.20869764432954133	0.08769064984727148	0.03677088840220657	0.6169788368967202	-0.04624445039038931	0.05716516030068691	-0.32536932117856154
47	224548	color_cast_s2	1	-0.4719680108477628	0.239323046513064	0.7112910573608268	0.19638089129645311	0.1046318707581113	0.5328006715284782	-0.15257210761902018	True	-0.2895300477454656	0.059601056031431746	-0.5381773104750264	0.3771037421113127	0.05957854237784426	0.7009589480603878	-0.1659248722232214	0.04479119531244613	-0.30842049787179493	0.3492499288114182	0.07803521633017045	0.6491843897867838
48	173445	clean_s0	1	0.07341790216888693	0.09674452540468861	0.02332662323580169	0.09482194597925049	0.10020817797193333	1.056803643260617	0.8714622926682133	True	0.08578751026380385	0.09041915682251579	0.8471725080614907	0.06974653138259529	0.0266672677866399	0.688763944073518	-0.09695305306879907	0.00026612265759098593	-0.9574349597939068	0.056446146240847664	0.001837534376009806	0.5574194094188086
49	173445	gamma_s2	1	0.07688796068118064	0.09597551113696474	0.0190875504557841	0.1683959637137248	0.09044458867124769	0.5370947537970957	0.8980961075224382	True	0.08436295385704327	0.06804928707707907	0.8096731917490795	0.09274195615691729	0.03244407996343806	0.8900906407222279	-0.0369143040154594	0.00030784346254584757	-0.35428492108859855	-0.0511138174123787	0.0011184571002401565	-0.4905647067939796
50	187283	clean_s0	1	-0.014240470183446072	-0.03263415989696072	-0.018393689713514644	0.1392080810021084	0.10343154463692407	0.7429995722400449	0.7023330732355677	True	-0.05798440644836172	0.07400469493598967	-0.6004935882277787	0.032289803900632894	0.04235455590485664	0.33439714908396706	-0.09206457453995874	0.009427855257724185	-0.9534319674120332	0.030602704573877166	0.0135639750398977	0.3169253426180042
51	187283	contrast_s2	1	0.27115600228863274	0.8359946542491004	0.5648386519604676	0.08217382489045942	0.39221926459881357	4.773043790059129	0.29719708363552844	True	-0.13219706892600291	0.024486809086752312	-0.1577862864159643	0.8359144269986609	0.3362525828490572	0.9977213130684593	0.06072799014026083	0.0057626982318968595	0.07248302950175123	0.813142877447183	0.06134613400948204	0.9705419038197561
52	123598	clean_s0	1	-0.0017461405859248535	-0.00343887490715483	-0.0016927343212299766	0.00418918514769748	0.00595961084202375	1.422618154105544	-0.6998965404525941	True	0.0023128100901597167	0.010301773091598005	0.2395886809023789	-0.006472123564849253	0.007385221861762757	-0.6704603867807386	0.007834668255095953	0.00041537022692818574	0.8116091523768123	0.001292563626537694	0.00021464071094467161	0.13389928424945344
53	123598	color_cast_s2	1	-0.0009949476541593618	0.0025434049787267515	0.003538352632886113	0.005786379182917318	0.005121868260654814	0.8851594578826966	-0.5551970153329118	True	-0.010955027404047078	0.01075953396002088	-0.8107235730019293	0.011105331037491499	0.01131003761643948	0.8218467490749976	0.005646494667329707	0.0001959893881585268	0.4178671751085162	0.008442451719252569	0.000495405811153238	0.6247811514720617
54	323558	clean_s0	1	-0.07819576010916535	-0.004447243853111931	0.07374851625605341	0.07464909025678666	0.09892783705981013	1.3252383481098913	-0.247545855643432	True	-0.019920116151526363	0.08688101659773312	-0.1617082386566684	0.0157435945054703	0.05097789285804258	0.12780392033155724	0.02001922039021956	0.05128966028429206	0.16251275062770504	-0.055590572812336	0.009707423909905375	-0.45127516063865386
55	323558	gamma_s2	1	-0.07999990155760822	0.13425534371392497	0.2142552452715332	0.07153913587829544	0.07298313072083976	1.0201846838771003	0.023981907953906628	True	0.16762289838267702	0.045710040587418545	0.45167908785687017	-0.15742449846168646	0.027759233873801126	-0.4241983318423166	0.12125053161017858	0.029438940443981022	0.3267234372447058	0.1658893282630254	0.01765846093396061	0.44700778473938935
56	28010	clean_s0	1	-0.28140285961856737	-0.08288777850963298	0.1985150811089344	0.7599496761930291	0.37756985298832635	0.49683533636038113	0.604402920613186	True	-0.2743509990471091	0.24758830940384036	-0.7539954574658008	0.08811119338887502	0.21120212544435704	0.24215490301801673	0.23514091014837415	0.0660272989320188	0.6462348551089975	0.19781310561277066	0.01271160822688797	0.5436473116132231
57	28010	contrast_s2	1	0.4856247897318135	0.5142665485170442	0.02864175878523073	0.3126792345505892	0.6204882276332611	1.9844241608339699	0.9669403938410989	True	0.5135159795773347	0.3151233867605127	0.8057820912676892	0.497610955221959	0.2742188924313077	0.7808247690104597	0.5271985624881584	0.04056942765571623	0.8272520760771683	-0.10769151767749623	0.005281572554750268	-0.16898382872825574
58	579594	clean_s0	1	-0.02306163066684911	-0.002541217817928324	0.020520412848920786	0.001237679295222362	0.007996984355622901	6.461273438517172	0.5860892115915824	True	-0.024597370669834917	0.00894633512138386	-0.8913364167016207	0.015504232750382296	0.006180977541519397	0.5618278249988871	0.027374476759664854	0.0055092360816025275	0.9919705790207033	-0.026003950708358637	0.0018066664076848845	-0.942306743506419
59	579594	color_cast_s2	1	-0.006330780414993724	0.0054698502757070935	0.011800630690700817	0.001773038644562928	0.01118443193540006	6.30805874970488	-0.2901669170624615	True	0.005030795060538553	0.004115962336787926	0.5726073268654666	0.004425393778233637	0.006183136215567192	0.5037002841464053	0.006674690337193433	0.004399887002278325	0.7597162169364983	-0.008007255456666579	0.002032047621992719	-0.9113893705744259
60	238603	clean_s0	2	0.010864295188537959	0.0021902132887340504	-0.008674081899803909	0.00047774166611967527	0.016065656242188767	33.62833384970924	-0.610846390464621	True	-0.009444998328162202	0.006679810599177176	-0.42057424425268886	0.004819621365149241	0.01075809128723711	0.21461185515224243	0.021572538076991745	0.0013401934630858465	0.9605987834536867	0.006201756179343719	0.0028121010433897124	0.27615663106332167
61	238603	gamma_s2	2	0.004592719258134209	0.003698546196723518	-0.0008941730614106906	0.0011113580930367487	0.01867513254760596	16.803884062765754	-0.3014900753469463	True	2.0205239704611216e-05	0.010676060201768743	0.001451545692911479	0.0019854050070658995	0.012782033084396101	0.14263162074683083	-0.0010425798865822398	0.0005727357775986597	-0.07489900483782842	0.007418174465383385	0.0059441242468340205	0.532922120831789
62	447363	clean_s0	2	-0.3358676301913327	-0.2705807751720891	0.06528685501924358	1.6430948681539066	0.25425566650622783	0.1547419272217044	0.7727698014239115	True	-0.29668571310474273	0.22490407822888153	-0.8751729526924136	0.03610513772397751	0.07604088072152894	0.10650408359360118	0.028388284118352602	0.005800713782442231	0.08374066340407549	-0.3230900509723742	0.01534609737207819	-0.953061308389923
63	447363	contrast_s2	2	0.7875866112039931	0.4029033549967534	-0.3846832562072397	2.561690551357359	0.16466024537114493	0.06427796100660818	0.8397201355268106	True	0.4228896267370346	0.22953353912154364	0.42686203000510126	-0.42247424839639397	0.0979436158013216	-0.42644274982076913	0.2455485893586431	0.016026846285528244	0.24785514398483946	0.3484811696589589	0.01902059742450007	0.3517546189394879
64	198775	clean_s0	2	-0.07577700617932169	0.3236415064936124	0.3994185126729341	0.17937039559422718	0.15979587015894692	0.8908709245445281	-0.11883440949256766	True	0.212266470324177	0.05502164172886473	0.5778893929555734	0.3267712937314839	0.06890276401567937	0.8896254989339911	0.29686829909421575	0.057194641002225745	0.8082154514991775	0.09033877332829321	0.005686198176099756	0.2459447260207475
65	198775	color_cast_s2	2	0.3248683784433293	0.29477750995481494	-0.030090868488514333	0.19912859434692362	0.13778580772370194	0.6919438575639734	0.8617857772672369	True	0.20961505698086177	0.03764458270318977	0.46501670282324814	0.3614406078543071	0.10805271981773454	0.8018313290503594	-0.30765209702825885	0.02334006132351954	-0.6825051875549667	0.217886212254022	0.003853464129234193	0.48336569660577566
66	107259	clean_s0	2	0.0726815333655163	0.07226206496801717	-0.000419468397499137	0.09396089593611989	0.07096882081018066	0.7553016614318941	0.9226511137525015	True	0.07600045164463551	0.06792034139439804	0.8636575137687974	-0.0029566849648933694	0.017962213160893872	-0.03359931593330473	-0.0024732418736875027	0.005029063407628231	-0.02810554255596837	0.014683278767330804	0.0021499228949533196	0.16685853525153355
67	107259	gamma_s2	2	-0.11484882904060474	-0.08633537076516085	0.028513458275443895	1.4796788049828689	0.05940357845455506	0.04014626569936089	0.9041400691075178	True	-0.06746821996777673	0.06370996292348337	-0.5074222920552994	0.029139949828975588	0.01763102527841293	0.21915888903344122	-0.0914115523362744	0.01951417669351215	-0.6874978979823041	0.10488744858272037	0.004180701796172357	0.7888488773676066
68	2755	clean_s0	2	0.08079932696115155	-0.135593825908169	-0.21639315286932057	0.05887130974449279	0.19769576067804148	3.3581002620132	0.0816685363761546	True	-0.06966246109770416	0.04808659658625796	-0.3659647578810188	-0.14773566720631537	0.17811030449161455	-0.7761145217493762	0.1671004676776249	0.016169180710707238	0.8778455603540648	0.0389802100081784	0.004367776502809427	0.2047786267665155
69	2755	contrast_s2	2	1.273607453699542	1.1045906768493634	-0.16901677685017868	0.4796255871563211	0.39580197406515666	0.8252311483460444	0.9215644070281214	True	1.2566161160153797	0.1705499694685705	0.876249914029492	0.7042453777300662	0.09182203644745177	0.4910767447830403	0.7388174571281698	0.11868508621703908	0.5151841720337941	0.9647556442072078	0.07322669664225115	0.6727329369156957
70	179209	clean_s0	2	-0.27001437474030787	-0.031189563247421916	0.23882481149288595	0.17738989874061056	0.11971885238302574	0.6748910351320813	0.3322329844768469	True	-0.11650318582118799	0.06219288093667742	-0.3923974651508592	-0.196887451004151	0.05386535819316161	-0.6631418372782751	0.2457025686395266	0.06284659069551213	0.827557327601035	-0.2018622344197736	0.006507719006173441	-0.6798975371238316
71	179209	color_cast_s2	2	-0.06452961385767428	-0.0945314541520703	-0.030001840294396023	0.15656901101213863	0.27231694657152333	1.7392774266831825	-0.03747276125552081	True	-0.0874867617235939	0.07245180826427706	-0.5386403458580346	-0.10187512874777796	0.1465713095118314	-0.627226948415593	-0.09069864580581369	0.059222364987223844	-0.5584153417427759	0.12436412168354528	0.007243434176908301	0.7656876561041283
72	362226	clean_s0	2	0.07658076576297687	0.11171569850523566	0.03513493274225879	0.37619454842684563	0.05889356620394255	0.15655082310528198	-0.041688128672907644	True	0.11295774512075418	0.06326054160733117	0.5592655158027102	-0.016582296586337194	0.08299222453510317	-0.08210067086238787	0.06449107679554805	0.028261057081979284	0.31930201236651284	-0.132377387664867	0.007748593239702745	-0.655414180959857
73	362226	gamma_s2	2	-0.18463650500525056	-0.14166976960621158	0.042966735399038974	0.053352737233814236	0.12720107298703262	2.3841527085964453	0.7873589053101557	True	-0.21010824084655716	0.048569404171471584	-0.7674900769616925	-0.06450543825998678	0.07822013354820946	-0.23562752024740394	-0.09039282689540658	0.026102285162934207	-0.3301897983270216	-0.0740321243815276	0.005562110736714084	-0.2704269029112323
74	219472	clean_s0	2	-0.027945919347900545	-0.037050765294158475	-0.00910484594625793	0.43681227728133487	0.16316558727045719	0.37353709077496505	0.964689658009497	True	-0.03763950331311778	0.1133179575243689	-0.36989322721851364	-0.0403722589148529	0.024964388158286433	-0.3967487300869428	-0.01789008783362538	0.023637955958364786	-0.1758105644799427	-0.011127615439881321	0.03155168711499025	-0.10935398249434156
75	219472	contrast_s2	2	0.0077621163691311374	0.25173341502613567	0.24397129865700454	0.6597911226359805	0.18370753936646697	0.27843287529017263	0.7110231040742025	True	0.0805925543603127	0.14755885881466818	0.22538619167677995	0.33179186684542655	0.10114235539966754	0.9278934746691455	0.04347022631596658	0.021644822343975762	0.1215694035117277	-0.10040009070195037	0.002209448682019506	-0.2807802070180786
76	461458	clean_s0	2	0.2542619517318431	0.2816706848467896	0.02740873311494646	0.19723648265805727	0.29288149763584204	1.4849255760842255	0.975286377988303	True	0.23072128060561328	0.18329145317448525	0.6896797723650966	-0.0939753287549422	0.06644278383594851	-0.28091419731261963	0.32420364453685396	0.2191005276325431	0.9691203827275949	-0.27777905357801597	0.0885511619442957	-0.8303464419828439
77	461458	color_cast_s2	2	0.968788054943603	1.0070990385277137	0.03831098358411067	0.44555127863043875	1.1108265753613569	2.493150909084763	0.9625527893599936	True	0.9314331565360708	0.07247509297511898	0.9231484110895222	0.8973100870775468	0.08120689648108849	0.8893288534193707	1.0034909106374037	0.950499114905825	0.9945652387241539	0.7326971911142437	0.033272405697505406	0.7261801268845771
78	13595	clean_s0	2	0.021090066369510455	-0.07101486002110222	-0.09210492639061267	0.1504142592002298	0.08791505413866273	0.5844861691046935	-0.28066054826795384	True	-0.013887923280572242	0.08820281515405515	-0.13193297401500803	-0.055570455848912875	0.044436650211254064	-0.5279101388653804	-0.020691396718255914	0.10845117626339566	-0.19656484633501078	-0.05029813917962433	0.006018276947200108	-0.47782400264977604
79	13595	gamma_s2	2	0.07664742904960459	0.16285840884397215	0.08621097979436756	0.28382827998344556	0.2232254238131212	0.7864805572797078	0.7652577134282645	True	0.14781034665498355	0.10265863928932867	0.6499204004129195	0.2002418448676551	0.0808186523941338	0.8804610972188859	0.03414180216299849	0.13170392342318654	0.15012111286323715	0.10737054920183592	0.0047263922090350725	0.4721070745255853
80	3242	clean_s0	2	0.24453497280535172	0.20285413165888877	-0.04168084114646295	0.15607285836186982	0.1942482766187641	1.2445999814290638	0.8934880031372299	True	0.22062461894429472	0.05281532900073235	0.8336614553345882	0.1694483119850381	0.0712673053136471	0.6402845115322826	0.19615763700911232	0.05279666515571313	0.7412094893421701	0.10440615055979224	0.051044956113480054	0.3945134674367061
81	3242	contrast_s2	2	4.47247202519694	4.487533126103335	0.015061100906394564	0.770545630970989	0.21391078976044914	0.2776095031398638	0.9798132717367921	True	4.3436703895599695	0.0860469260279356	0.8421364695761084	1.4090733421192565	0.018474444388998115	0.27318648592872846	4.179396019416698	0.13129279499439794	0.8102874972275405	0.9095700592399544	0.012497147158727122	0.17634443912086398
82	569535	clean_s0	2	0.051109503355172184	0.051801941904193884	0.0006924385490216997	0.3731662968734792	0.2977295367787441	0.7978468025468235	0.6927378569648559	True	0.06118051581318861	0.18265940446932555	0.5418679741446055	0.04889382878717074	0.08088954036639873	0.43304636453471373	0.015584045870458136	0.030752099109854138	0.13802589358375028	-0.00677027493622615	0.0273994248513517	-0.05996345593768001
83	569535	color_cast_s2	2	0.6982638836904433	0.7295512012541191	0.031287317563675754	0.3736488549090036	0.21495949562317584	0.5752981517246343	0.9458707457237103	True	0.6991905524320882	0.16060007136844362	0.8811232454771907	0.5886038187836241	0.08477903717025782	0.7417613200089079	-0.21521994500766586	0.008571790912987506	-0.27122119399051603	-0.32081667445859735	0.011019412892707461	-0.40429469254521677
84	86696	clean_s0	2	-0.32840063860528734	-0.30104829102365555	0.027352347581631797	0.3700352720147305	0.2193986255394787	0.5929127359803278	0.9287489645130262	True	-0.20263722991185856	0.06683408762672764	-0.5066462571425611	-0.3022788036841961	0.06958523542707078	-0.7557763426131198	0.14553270982991756	0.011630399381022043	0.363869969819715	-0.28747802432340575	0.11543499483221857	-0.7187705097263103
85	86696	gamma_s2	2	0.5418387401834004	0.2963636893152712	-0.2454750508681292	0.4257030543941572	0.26325241791973386	0.6183944775646106	0.433719363028865	True	0.34939100641234405	0.1405686689180064	0.47716664239176765	0.06489205182589304	0.13647449458377348	0.08862369643005955	0.5459091764223157	0.0371946325934212	0.7455533885781174	-0.007948635836544092	0.029257100035988238	-0.010855528059428831
86	461283	clean_s0	2	0.03744761260268262	0.024978485408219595	-0.012469127194463022	0.003552808897000611	0.005034289935452152	1.4169886648567707	0.8680254032778216	True	0.027312904514983596	0.005281232674881821	0.619859061317285	0.005418827213702462	0.004222578644754969	0.12297883399559198	-0.017185799230346594	0.0038835628615720395	-0.39002711607591534	0.026351901619026726	0.0009759085535762043	0.5980493581771646
87	461283	contrast_s2	2	0.33542266214835176	0.3403075255507174	0.004884863402365658	0.013423263683336642	0.05116495929361043	3.8116631320537597	0.8803563851079983	True	0.07827844915852229	0.008522648921688369	0.2243109752408943	0.3481953140233392	0.04082218298393988	0.9977718170867764	0.27496375035770143	0.007953188787799497	0.7879229553238163	0.33887074275730367	0.0010268542169202441	0.9710517731345101
88	406286	clean_s0	2	0.018596448621660024	0.03085898990892486	0.012262541287264835	0.25322634158319374	0.07057637168567674	0.2787086495205315	0.6884634341594832	True	0.016864550317397836	0.045783069898041956	0.32306010922406003	0.03179151122355847	0.01741625120179166	0.6090034359262322	0.03388296967774441	0.01007730667008772	0.6490677592797944	0.03938439939400123	0.012985049061712692	0.75445405487783
89	406286	color_cast_s2	2	0.0074212657109207275	0.00837335717925982	0.0009520914683390927	0.5260800014540363	0.0852681908017051	0.16208217488981091	0.6975074968686353	True	-0.0018314727041950666	0.06846208474946358	-0.02742127397667911	0.020078927936899714	0.040219367234255156	0.30062680315148627	-0.0018293968765626556	0.013267904270202996	-0.027390194160388005	0.017354897739470437	0.0032926395410144745	0.25984193201394423
90	79354	clean_s0	3	0.04261782120455388	-0.17714169509565866	-0.21975951630021254	0.4962191149033499	0.34618394787394596	0.6976433141665114	0.20553101845316912	True	-0.13672517609637197	0.08752548859624946	-0.6902468694830382	-0.18149187343735243	0.26355164146534615	-0.9162482071881749	-0.17234526561867566	0.01347626867557685	-0.8700722388328194	0.1547261144599575	0.005085238017905942	0.7811232664111776
91	79354	gamma_s2	3	0.028046161634509268	0.06034179256378788	0.03229563092927862	0.5818843132454109	0.32559354583278227	0.5595503065150728	0.9493823617005668	True	0.07253442711681816	0.20155723861471758	0.5705787154066376	0.01655074273683291	0.11571799625715963	0.1301933703099862	0.027263762941122097	0.013091749816147866	0.2144653712113028	0.09840608800804876	0.028035970713460857	0.7740933721737537
92	335132	clean_s0	3	-0.011387648220274924	-0.0015105972971065863	0.009877050923168337	0.006735129575510822	0.021504680472303476	3.1929126576117084	0.7545714198900216	True	0.030331108197230623	0.008615402674377982	0.8697395931561409	-0.006075393553450401	0.012616345376834065	-0.1742109217667606	-0.0191522433471418	0.01146979675143695	-0.5491874621913836	0.0022357569160995476	0.0011686250891024563	0.06410996589370362
93	335132	contrast_s2	3	0.04323163951525861	0.050420530842924666	0.007188891327666057	0.06482935151745439	0.032811923214643685	0.5061275864499359	0.8927272863280923	True	0.04842373372076371	0.01190032152988594	0.8829343954713147	0.03761409072837008	0.014619707815334719	0.6858367148937341	0.03395707451578494	0.015045328159318893	0.6191564911523195	0.035154474715217515	0.00048442596605213236	0.6409892950685169
94	295308	clean_s0	3	0.08754312904001245	0.09622126150432148	0.008678132464309027	0.3171017853014411	0.35448624750452506	1.1178942028583845	0.9790391158073385	True	0.09316161489977702	0.20640701887545052	0.820524820387667	0.1030441452237961	0.1354565689950585	0.9075656196270262	0.023298841020366657	0.022536791923544644	0.20520551693741157	0.05523910298997684	0.007284953294529005	0.4865207104233787
95	295308	color_cast_s2	3	-0.08472380039627153	-0.10100352670798378	-0.016279726311712248	0.13363620894502917	0.12563228698874282	0.940106637119744	0.9537170065482388	True	-0.08430729037999778	0.07358020457190381	-0.6141575696408687	-0.10905948328649316	0.04748076561253487	-0.7944711175050779	-0.05368505458491161	0.005290346189378121	-0.39108222440883256	-0.11546956131829597	0.008880330303289986	-0.8411669362652072
96	241531	clean_s0	3	0.013522049995427566	0.020111172666482026	0.00658912267105446	0.9811455946596861	0.19140084823824108	0.1950789457548644	0.9298089906601003	True	0.013433591182657452	0.16578009885531816	0.21503336052427463	0.03440034199204049	0.05813706323216517	0.5506510538570727	-0.047638468983574496	0.013317233872852958	-0.7625555919627458	0.036673212949191285	0.0070695100784830284	0.5870332151342762
97	241531	gamma_s2	3	0.01637722379906003	-0.01042362460488993	-0.02680084840394996	0.41754926748819926	0.20927256488375987	0.5011925087131767	0.71764201610652	True	0.007377765700623191	0.08136942079567248	0.09028717674207094	-0.020611149374731273	0.1239864304493676	-0.2522338824460821	-0.008068071322514568	0.027816697420852268	-0.09873495730817407	9.646393134816641e-05	0.0051677071941035845	0.0011805004894245349
98	2444	clean_s0	3	0.01981715755206442	0.04680083811912394	0.026983680567059517	0.7252003093777064	0.40371462609138314	0.5566939518238901	0.6921165553790468	True	0.05388458915168775	0.23543102866575996	0.2665311247690467	0.044983431047522046	0.1854652802666133	0.22250303216249165	0.15643610345768363	0.02747713844657089	0.7737850704035248	-0.08781761538361899	0.07316765066382362	-0.43437517426480876
99	2444	contrast_s2	3	0.26584056098656794	-0.18207548479200056	-0.4479160457785685	0.24662155960681037	0.2247466071819315	0.9113015404664776	0.6699486909587044	True	-0.08587288864584076	0.1486234380354777	-0.13828488667289107	-0.4877902469840189	0.12270124258381315	-0.7855100729476812	0.23415433098202998	0.02502139287351937	0.3770690102022227	0.599917274393976	0.04272028181493031	0.9660731531485813
100	56997	clean_s0	3	-0.08553226317206218	-0.08210219740672027	0.003430065765341911	1.3606216098872925	0.46901378422807816	0.3447055234312566	0.9850972540331845	True	-0.08390541807233622	0.3642576733004495	-0.853227281140081	-0.07497906326114555	0.09245654947474063	-0.7624559147551174	-0.08949717751710283	0.005916410268313939	-0.9100894222288899	-0.04077452045485879	0.011773106553526034	-0.4146327380236202
101	56997	color_cast_s2	3	-0.046277930185419654	-0.0684846367268589	-0.02220670654143924	0.39639737973070605	0.14321266863147492	0.3612856087211448	0.7710991534393182	True	-0.06841042306757014	0.10945050281673685	-0.9533830675659639	-0.0426496827219872	0.04019350191164004	-0.5943755866658117	-0.069840340856143	0.007907942244010169	-0.9733107241176833	-0.013765156854918647	0.0035754554550905494	-0.19183432703606076
102	450631	clean_s0	3	0.017438365349796866	0.02075711774135089	0.003318752391554023	0.0021550119111278425	0.018354249392749468	8.517006007239944	0.9159476463690112	True	0.021886044303474003	0.004951322945607675	0.8030803530000343	0.018842393676646203	0.013614804959049412	0.6913974930069944	-0.0008028471503377664	0.0022025915284519977	-0.029459447496343077	0.015483465924452574	0.0011445876828961533	0.5681459434244133
103	450631	gamma_s2	3	-0.03620302457053487	0.010583604667310589	0.04678662923784546	0.31407717132851043	0.02338827293892366	0.07446664410531319	0.3214570195687914	True	-0.014517644927234192	0.024094093593689365	-0.30514950237688726	0.027091368897884893	0.008435685707071695	0.5694393119525137	0.04291155086741621	0.004732193029602351	0.9019671207877403	0.03105151502812597	0.00533384223345462	0.652678475590011
104	15525	clean_s0	3	0.06234818337903177	0.03413820265768758	-0.028209980721344195	0.3198986123889797	0.06347819433465497	0.19843222782557388	0.6711508092691494	True	0.058882392391523576	0.04350644068444144	0.7621938117336453	-0.02490124960041922	0.022048473162284664	-0.3223302854968782	0.038631895270529064	0.011257182855270297	0.5000644558884662	-0.04247707834316285	0.006613706938695913	-0.5498378198114062
105	15525	contrast_s2	3	1.3936260340157804	-0.07547082298487798	-1.4690968570006584	0.006002388637030551	0.18626303920113985	31.031486040744984	0.5750600851018091	True	0.03133952606935829	0.1854170900733152	0.017698495781788528	-1.5934478818871318	0.01178799809677851	-0.8998741894151763	-1.6127732971816466	0.0007100394005129931	-0.9107879096201399	0.4394195468488912	0.00010711663877282281	0.2481551588141656
106	25142	clean_s0	3	0.047466979460917956	0.007735980141567614	-0.03973099931935034	0.09669314948054215	0.09038262259328429	0.93473656695268	0.8698736232734356	True	0.010446935748309434	0.05934907674616843	0.07391657673158662	0.04670437514786383	0.04383353848199673	0.3304536002240779	-0.09085709119578012	0.024637381541716807	-0.6428531116627052	0.022840742726873184	0.011644159595418827	0.16160810721623367
107	25142	color_cast_s2	3	-0.10121490376417273	-0.12423806891717716	-0.023023165153004427	0.05544693112059615	0.14424910391851542	2.601570564920465	0.06354425413195584	True	-0.025184142364256586	0.08237679616435037	-0.10887859962464483	-0.12482894848225207	0.04196842115893896	-0.5396729778185001	-0.1850301793066585	0.06053512254129799	-0.7999409517270983	0.10484773785758211	0.005600584014583496	0.45328821242081246
108	221343	clean_s0	3	-0.000510283538103594	0.0008702170946960137	0.0013805006327996076	1.1310925918735617	0.4125259541734875	0.36471457521454737	0.9857394183017743	True	-0.0008334750189482173	0.32252403941571517	-0.03981381321586552	0.00564953832109203	0.09004968239376417	0.2698697121810289	0.010326346613177686	0.0055366191934985275	0.4932736146683083	0.010843385487676317	0.005727171121484976	0.517971762432433
109	221343	gamma_s2	3	0.028630866373377008	0.05234241522822765	0.02371154885485064	0.21751158184476277	0.11446453668300531	0.5262457093650224	0.8367739079573338	True	0.04255642014624917	0.09975091410103457	0.6755952309020474	0.05113452409086819	0.03330400233994896	0.8117750621928711	-0.0034579680316518795	0.003491600873745444	-0.054896222553797766	0.00807124675029447	0.007045141651359915	0.1281333296812215
110	281745	clean_s0	3	-0.055791567274171804	-0.04012074690833773	0.015670820365834073	0.3694100246095824	0.1394437978708199	0.3774770271006954	0.9175483211811869	True	-0.0584034472116958	0.12304711056677589	-0.7664675212686144	0.0015573198754364659	0.07187294232727037	0.02043775088186929	0.022572325799320843	0.043475171559622855	0.29623173683942616	0.029947687151231604	0.01668327449510058	0.3930235394585581
111	281745	contrast_s2	3	-0.0699612309523097	-0.05445981404322951	0.01550141690908019	0.2922119311350054	0.15325449464879315	0.5244635085690179	0.8370364349305187	True	-0.04472945121140301	0.10906376785602905	-0.24585254991752123	-0.15566633662436663	0.03144343166701141	-0.8556100010126987	0.031905408358653624	0.03127708939147452	0.17536602370193974	0.16940536630419328	0.002576814199224773	0.9311256937746871
112	515136	clean_s0	3	0.0786477261996757	-0.06953217115232219	-0.14817989735199788	0.6343853484977359	0.15578578641037216	0.24556964750097499	-0.5661147258554048	True	0.06825731266013693	0.1758597411047789	0.7423145257888261	-0.08057095226283935	0.26980482886780094	-0.876228288081351	-0.037498329654197166	0.01377581304946036	-0.4078032625689212	-0.07077073071880362	0.00823032694763095	-0.7696485456571782
113	515136	color_cast_s2	3	-0.4250717191227107	-0.47926672605320925	-0.05419500693049856	0.29322538447459545	0.18140065634221064	0.6186389922115589	0.9448959960649692	True	-0.4797960981757748	0.10063092238036997	-0.871554497358594	-0.45765450716235906	0.08279411575653707	-0.8313340718508954	-0.47929345886975805	0.006352836492330732	-0.870641448070011	0.48477419399320504	0.004588517395827161	0.8805972592783762
114	561761	clean_s0	3	0.11914589206446939	-0.13091777060497178	-0.2500636626694412	0.10155601034860502	0.19416846126496196	1.91193471069267	-0.9859901494062375	True	0.11846637368516404	0.058845810101934	0.7780182713142659	-0.12976010512648745	0.04918716836311021	-0.8521889337535038	-0.10850319717840519	0.04942795910880941	-0.7125859201652847	-0.12711159612595205	0.16238747831408537	-0.8347950663507461
115	561761	gamma_s2	3	0.2529313778029626	-0.24474113134693043	-0.497672509149893	0.0897539652350015	0.09773540475816053	1.0889257594610038	-0.8016195369113683	True	-0.011412404402256198	0.0439107137430912	-0.03634803002832928	-0.28713261896551784	0.047344698089277944	-0.9145053652489679	-0.08784043698451081	0.036008966759151065	-0.2797681127212166	-0.27429379689133515	0.02425338970662979	-0.87361425469673
116	556216	clean_s0	3	0.12561663934350462	0.14136984212696813	0.01575320278346351	0.009024311844615685	0.07943831191055431	8.802700225607875	0.796247579366778	True	0.04676271264752344	0.027147462117058017	0.2559753077255049	0.14900126373590897	0.07152488211062592	0.8156208691934523	-0.12827572006832125	0.007984327987399247	-0.7021709191380963	0.06051041274359265	0.005357840557215972	0.33122910644019554
117	556216	contrast_s2	3	0.14509276404521165	0.28491576131341895	0.1398229972682073	0.3971115646543552	0.14925032245504496	0.3758397783881012	0.5078790366567926	True	0.05238822821108939	0.08453353011760613	0.12369682387074929	0.3921889746871445	0.1196914660960997	0.9260196838550057	-0.3044062662275518	0.01820538814472432	-0.7187509405472552	-0.1428907073549147	0.02321099305879031	-0.3373873724032272
118	555722	clean_s0	3	0.06292030709250525	0.18634227605656295	0.1234219689640577	0.10441138273834628	0.12010056585232291	1.1502631485428514	0.4048699960849429	True	0.18148101927765034	0.05677740443321889	0.8717445380214647	0.18024081115294535	0.06671287517502485	0.8657871951354879	0.052153509264728205	0.0014107349114733925	0.2505195146719374	-0.00626287169966877	0.0033380851917672147	-0.030083720158647
119	555722	color_cast_s2	3	0.32034699230637037	0.3188199076377814	-0.0015270846685889738	0.12144429913246806	0.19987523795247616	1.645818201268203	0.9849027097222712	True	0.3241463067917066	0.12333087503868208	0.9050585036283207	0.3057162113204804	0.08221319845577274	0.8535992882114021	0.10757604254899103	0.004755112162416439	0.30036625460581484	-0.2723319672097937	0.007018706022409226	-0.7603861515675229
